UserID,Risk_Level,Year,Portfolio_Performance,Stock_Count,Buy&Hold_CAGR,Portfolio_CAGR
1,low,2019,-2.676%,3,17.686%,15.01%
2,medium,2019,8.323%,3,37.224%,45.546%
3,low,2019,0.323%,3,27.072%,27.395%
4,medium,2019,13.219%,3,15.212%,28.432%
5,medium,2019,13.219%,3,15.212%,28.432%
6,medium,2019,13.219%,3,15.212%,28.432%
7,medium,2019,-4.326%,3,43.981%,39.655%
8,medium,2019,13.219%,3,15.212%,28.432%
9,low,2019,0.323%,3,27.072%,27.395%
10,medium,2019,31.351%,3,47.726%,79.077%
11,low,2019,0.323%,3,27.072%,27.395%
12,medium,2019,8.797%,3,29.414%,38.211%
13,low,2019,2.735%,3,41.307%,44.042%
14,medium,2019,13.219%,3,15.212%,28.432%
15,low,2019,-17.525%,3,19.705%,2.181%
16,medium,2019,10.101%,3,20.172%,30.273%
17,low,2019,1.609%,3,38.084%,39.693%
18,low,2019,0.323%,3,27.072%,27.395%
19,medium,2019,13.219%,3,15.212%,28.432%
20,medium,2019,37.481%,3,3.404%,40.885%
21,high,2019,19.268%,3,14.743%,34.011%
22,medium,2019,62.375%,3,62.378%,124.753%
23,low,2019,-2.676%,3,17.686%,15.01%
24,low,2019,2.735%,3,41.307%,44.042%
25,medium,2019,15.27%,3,14.064%,29.334%
26,medium,2019,42.762%,3,16.681%,59.442%
27,low,2019,5.483%,3,2.271%,7.753%
28,medium,2019,13.219%,3,15.212%,28.432%
29,medium,2019,37.481%,3,3.404%,40.885%
30,low,2019,-0.307%,3,24.64%,24.334%
31,medium,2019,34.775%,3,15.29%,50.065%
32,low,2019,-1.39%,3,28.698%,27.308%
33,medium,2019,38.487%,3,16.58%,55.067%
34,medium,2019,10.101%,3,20.172%,30.273%
35,medium,2019,36.177%,3,12.646%,48.823%
36,high,2019,-38.743%,3,119.499%,80.756%
37,medium,2019,13.219%,3,15.212%,28.432%
38,high,2019,34.63%,3,14.059%,48.689%
39,low,2019,-3.802%,3,14.463%,10.661%
40,high,2019,-38.743%,3,119.499%,80.756%
41,medium,2019,19.227%,3,27.096%,46.323%
42,medium,2019,3.234%,3,43.284%,46.518%
43,medium,2019,38.487%,3,16.58%,55.067%
44,medium,2019,11.179%,3,3.699%,14.879%
45,medium,2019,13.219%,3,15.212%,28.432%
46,medium,2019,8.797%,3,29.414%,38.211%
47,medium,2019,33.741%,3,16.953%,50.694%
48,medium,2019,-6.363%,3,38.768%,32.405%
49,medium,2019,13.219%,3,15.212%,28.432%
50,medium,2019,13.219%,3,15.212%,28.432%
51,medium,2019,10.101%,3,20.172%,30.273%
52,low,2019,9.997%,3,26.331%,36.328%
53,medium,2019,13.219%,3,15.212%,28.432%
54,medium,2019,13.219%,3,15.212%,28.432%
55,medium,2019,13.219%,3,15.212%,28.432%
56,low,2019,-0.307%,3,24.64%,24.334%
57,low,2019,-1.531%,3,46.747%,45.216%
58,medium,2019,37.481%,3,3.404%,40.885%
59,low,2019,-1.531%,3,46.747%,45.216%
60,high,2019,-2.344%,3,32.942%,30.598%
61,low,2019,8.208%,3,24.114%,32.322%
62,medium,2019,33.059%,3,17.605%,50.664%
63,medium,2019,21.774%,3,19.088%,40.862%
64,medium,2019,35.738%,3,-8.321%,27.417%
65,medium,2019,19.227%,3,27.096%,46.323%
66,high,2019,-38.743%,3,119.499%,80.756%
67,medium,2019,30.353%,3,29.491%,59.844%
68,medium,2019,13.219%,3,15.212%,28.432%
69,medium,2019,12.089%,3,16.216%,28.305%
70,medium,2019,9.795%,3,47.648%,57.444%
71,low,2019,18.46%,3,29.67%,48.13%
72,medium,2019,8.797%,3,29.414%,38.211%
73,medium,2019,13.219%,3,15.212%,28.432%
74,medium,2019,36.177%,3,12.646%,48.823%
75,medium,2019,13.219%,3,15.212%,28.432%
76,high,2019,34.46%,3,8.291%,42.751%
77,medium,2019,13.219%,3,15.212%,28.432%
78,medium,2019,13.219%,3,15.212%,28.432%
79,medium,2019,16.38%,3,19.864%,36.244%
80,high,2019,-38.743%,3,119.499%,80.756%
81,medium,2019,10.101%,3,20.172%,30.273%
82,medium,2019,13.219%,3,15.212%,28.432%
83,medium,2019,7.485%,3,43.714%,51.199%
84,medium,2019,10.101%,3,20.172%,30.273%
85,medium,2019,12.614%,3,40.871%,53.485%
86,medium,2019,13.219%,3,15.212%,28.432%
87,medium,2019,62.375%,3,62.378%,124.753%
88,medium,2019,12.614%,3,40.871%,53.485%
89,medium,2019,2.235%,3,25.049%,27.285%
90,medium,2019,13.219%,3,15.212%,28.432%
91,medium,2019,37.481%,3,3.404%,40.885%
92,medium,2019,8.789%,3,34.472%,43.261%
93,medium,2019,31.657%,3,20.249%,51.906%
94,medium,2019,10.101%,3,20.172%,30.273%
95,high,2019,-38.743%,3,119.499%,80.756%
96,medium,2019,5.705%,3,62.952%,68.657%
97,medium,2019,38.487%,3,16.58%,55.067%
98,medium,2019,13.219%,3,15.212%,28.432%
99,medium,2019,13.219%,3,15.212%,28.432%
100,low,2019,8.208%,3,24.114%,32.322%
101,medium,2019,42.762%,3,16.681%,59.442%
102,medium,2019,-28.492%,3,65.418%,36.926%
103,medium,2019,13.219%,3,15.212%,28.432%
104,medium,2019,13.219%,3,15.212%,28.432%
105,high,2019,12.54%,3,2.287%,14.827%
106,medium,2019,13.219%,3,15.212%,28.432%
107,medium,2019,15.213%,3,91.813%,107.026%
108,low,2019,0.323%,3,27.072%,27.395%
109,medium,2019,10.101%,3,20.172%,30.273%
110,high,2019,18.533%,3,6.183%,24.716%
111,high,2019,34.63%,3,14.059%,48.689%
112,medium,2019,7.485%,3,43.714%,51.199%
113,medium,2019,8.797%,3,29.414%,38.211%
114,medium,2019,31.657%,3,20.249%,51.906%
115,high,2019,12.54%,3,2.287%,14.827%
116,high,2019,-12.739%,3,38.527%,25.788%
117,medium,2019,7.659%,3,35.476%,43.135%
118,low,2019,-1.39%,3,28.698%,27.308%
119,medium,2019,3.234%,3,43.284%,46.518%
120,medium,2019,37.481%,3,3.404%,40.885%
121,medium,2019,31.657%,3,20.249%,51.906%
122,medium,2019,10.101%,3,20.172%,30.273%
123,medium,2019,8.323%,3,37.224%,45.546%
124,medium,2019,13.219%,3,15.212%,28.432%
125,medium,2019,12.917%,3,24.233%,37.15%
126,low,2019,-0.307%,3,24.64%,24.334%
127,medium,2019,31.657%,3,20.249%,51.906%
128,medium,2019,10.101%,3,20.172%,30.273%
129,medium,2019,33.741%,3,16.953%,50.694%
130,medium,2019,31.657%,3,20.249%,51.906%
131,medium,2019,1.761%,3,32.859%,34.621%
132,medium,2019,33.059%,3,17.605%,50.664%
133,medium,2019,38.487%,3,16.58%,55.067%
134,medium,2019,13.219%,3,15.212%,28.432%
135,low,2019,0.323%,3,27.072%,27.395%
136,medium,2019,38.487%,3,16.58%,55.067%
137,medium,2019,12.614%,3,40.871%,53.485%
138,medium,2019,13.219%,3,15.212%,28.432%
139,medium,2019,13.219%,3,15.212%,28.432%
140,medium,2019,13.219%,3,15.212%,28.432%
141,high,2019,12.54%,3,2.287%,14.827%
142,medium,2019,3.234%,3,43.284%,46.518%
143,low,2019,6.204%,3,0.645%,6.85%
144,medium,2019,13.219%,3,15.212%,28.432%
145,medium,2019,8.789%,3,34.472%,43.261%
146,medium,2019,13.219%,3,15.212%,28.432%
147,medium,2019,2.235%,3,25.049%,27.285%
148,medium,2019,8.797%,3,29.414%,38.211%
149,low,2019,8.208%,3,24.114%,32.322%
150,medium,2019,10.101%,3,20.172%,30.273%
151,medium,2019,22.248%,3,11.278%,33.527%
152,low,2019,4.025%,3,17.904%,21.929%
153,medium,2019,30.353%,3,29.491%,59.844%
154,medium,2019,12.614%,3,40.871%,53.485%
155,medium,2019,10.101%,3,20.172%,30.273%
156,medium,2019,-10.971%,3,49.926%,38.956%
157,high,2019,-38.743%,3,119.499%,80.756%
158,low,2019,0.323%,3,27.072%,27.395%
159,medium,2019,13.219%,3,15.212%,28.432%
160,medium,2019,31.657%,3,20.249%,51.906%
161,medium,2019,13.219%,3,15.212%,28.432%
162,medium,2019,13.219%,3,15.212%,28.432%
163,medium,2019,38.487%,3,16.58%,55.067%
164,medium,2019,7.791%,3,16.238%,24.029%
165,medium,2019,23.552%,3,2.036%,25.589%
166,medium,2019,14.087%,3,51.296%,65.382%
167,medium,2019,12.917%,3,24.233%,37.15%
168,medium,2019,20.848%,3,6.747%,27.595%
169,medium,2019,13.219%,3,15.212%,28.432%
170,medium,2019,13.219%,3,15.212%,28.432%
171,medium,2019,10.101%,3,20.172%,30.273%
172,medium,2019,13.219%,3,15.212%,28.432%
173,medium,2019,13.219%,3,15.212%,28.432%
174,medium,2019,38.487%,3,16.58%,55.067%
175,high,2019,-38.743%,3,119.499%,80.756%
176,medium,2019,34.057%,3,35.84%,69.897%
177,medium,2019,6.354%,3,44.718%,51.072%
178,medium,2019,3.225%,3,82.674%,85.899%
179,medium,2019,33.059%,3,17.605%,50.664%
180,medium,2019,31.657%,3,20.249%,51.906%
181,medium,2019,22.248%,3,11.278%,33.527%
182,high,2019,-38.743%,3,119.499%,80.756%
183,high,2019,-38.655%,3,57.319%,18.664%
184,medium,2019,42.762%,3,16.681%,59.442%
185,medium,2019,37.481%,3,3.404%,40.885%
186,low,2019,8.208%,3,24.114%,32.322%
187,medium,2019,16.078%,3,46.126%,62.205%
188,medium,2019,13.219%,3,15.212%,28.432%
189,medium,2019,13.219%,3,15.212%,28.432%
190,medium,2019,13.219%,3,15.212%,28.432%
191,medium,2019,13.219%,3,15.212%,28.432%
192,medium,2019,8.323%,3,37.224%,45.546%
193,medium,2019,12.614%,3,40.871%,53.485%
194,medium,2019,8.797%,3,29.414%,38.211%
195,high,2019,-38.743%,3,119.499%,80.756%
196,low,2019,3.336%,3,48.78%,52.116%
197,medium,2019,13.219%,3,15.212%,28.432%
198,medium,2019,37.481%,3,3.404%,40.885%
199,medium,2019,15.213%,3,91.813%,107.026%
200,medium,2019,13.219%,3,15.212%,28.432%
201,medium,2019,22.248%,3,11.278%,33.527%
202,medium,2019,13.219%,3,15.212%,28.432%
203,medium,2019,10.101%,3,20.172%,30.273%
204,medium,2019,13.219%,3,15.212%,28.432%
205,medium,2019,13.219%,3,15.212%,28.432%
206,medium,2019,15.213%,3,91.813%,107.026%
207,medium,2019,25.636%,3,-1.26%,24.377%
208,medium,2019,10.101%,3,20.172%,30.273%
209,high,2019,-38.743%,3,119.499%,80.756%
210,low,2019,1.609%,3,38.084%,39.693%
211,high,2019,-38.743%,3,119.499%,80.756%
212,medium,2019,13.219%,3,15.212%,28.432%
213,medium,2019,19.227%,3,27.096%,46.323%
214,high,2019,12.54%,3,2.287%,14.827%
215,medium,2019,16.38%,3,19.864%,36.244%
216,high,2019,-4.882%,3,56.027%,51.145%
217,high,2019,-38.743%,3,119.499%,80.756%
218,medium,2019,37.175%,3,30.881%,68.056%
219,medium,2019,13.219%,3,15.212%,28.432%
220,medium,2019,10.101%,3,20.172%,30.273%
221,high,2019,3.57%,3,11.876%,15.446%
222,medium,2019,23.246%,3,29.513%,52.759%
223,low,2019,-1.39%,3,28.698%,27.308%
224,medium,2019,1.761%,3,32.859%,34.621%
225,medium,2019,21.774%,3,19.088%,40.862%
226,medium,2019,13.219%,3,15.212%,28.432%
227,medium,2019,13.219%,3,15.212%,28.432%
228,medium,2019,37.481%,3,3.404%,40.885%
229,high,2019,-38.743%,3,119.499%,80.756%
230,medium,2019,13.219%,3,15.212%,28.432%
232,medium,2019,38.487%,3,16.58%,55.067%
233,medium,2019,0.978%,3,19.739%,20.717%
234,low,2019,9.847%,3,13.099%,22.945%
235,medium,2019,13.219%,3,15.212%,28.432%
236,medium,2019,2.235%,3,25.049%,27.285%
237,high,2019,12.54%,3,2.287%,14.827%
238,medium,2019,22.248%,3,11.278%,33.527%
239,low,2019,-3.802%,3,14.463%,10.661%
240,medium,2019,13.219%,3,15.212%,28.432%
241,high,2019,-38.743%,3,119.499%,80.756%
242,medium,2019,17.339%,3,7.986%,25.325%
243,medium,2019,34.057%,3,35.84%,69.897%
244,medium,2019,10.101%,3,20.172%,30.273%
245,medium,2019,37.481%,3,3.404%,40.885%
246,low,2019,0.323%,3,27.072%,27.395%
247,medium,2019,36.177%,3,12.646%,48.823%
248,medium,2019,13.219%,3,15.212%,28.432%
249,medium,2019,33.059%,3,17.605%,50.664%
250,medium,2019,8.789%,3,34.472%,43.261%
251,medium,2019,34.775%,3,15.29%,50.065%
252,medium,2019,13.219%,3,15.212%,28.432%
253,low,2019,0.323%,3,27.072%,27.395%
254,high,2019,12.54%,3,2.287%,14.827%
255,medium,2019,38.487%,3,16.58%,55.067%
256,high,2019,-27.926%,3,39.96%,12.034%
257,medium,2019,37.481%,3,3.404%,40.885%
258,low,2019,8.208%,3,24.114%,32.322%
259,medium,2019,13.219%,3,15.212%,28.432%
260,medium,2019,13.219%,3,15.212%,28.432%
261,medium,2019,13.219%,3,15.212%,28.432%
262,medium,2019,10.101%,3,20.172%,30.273%
263,medium,2019,25.284%,3,17.849%,43.133%
264,medium,2019,12.917%,3,24.233%,37.15%
265,high,2019,-38.743%,3,119.499%,80.756%
266,medium,2019,38.487%,3,16.58%,55.067%
267,medium,2019,13.219%,3,15.212%,28.432%
268,high,2019,-38.743%,3,119.499%,80.756%
269,medium,2019,31.351%,3,47.726%,79.077%
270,medium,2019,13.219%,3,15.212%,28.432%
271,medium,2019,9.875%,3,12.941%,22.816%
272,medium,2019,13.219%,3,15.212%,28.432%
273,medium,2019,10.101%,3,20.172%,30.273%
274,medium,2019,13.219%,3,15.212%,28.432%
275,medium,2019,13.219%,3,15.212%,28.432%
276,medium,2019,-10.971%,3,49.926%,38.956%
277,high,2019,-38.743%,3,119.499%,80.756%
278,medium,2019,42.762%,3,16.681%,59.442%
279,low,2019,7.018%,3,21.907%,28.924%
280,medium,2019,13.219%,3,15.212%,28.432%
281,medium,2019,25.284%,3,17.849%,43.133%
282,medium,2019,8.797%,3,29.414%,38.211%
283,medium,2019,10.101%,3,20.172%,30.273%
284,medium,2019,13.219%,3,15.212%,28.432%
286,low,2019,9.997%,3,26.331%,36.328%
287,high,2019,-38.743%,3,119.499%,80.756%
288,medium,2019,10.101%,3,20.172%,30.273%
289,medium,2019,30.353%,3,29.491%,59.844%
290,medium,2019,12.614%,3,40.871%,53.485%
291,medium,2019,7.485%,3,43.714%,51.199%
292,medium,2019,37.481%,3,3.404%,40.885%
293,medium,2019,8.789%,3,34.472%,43.261%
294,medium,2019,13.219%,3,15.212%,28.432%
295,medium,2019,10.101%,3,20.172%,30.273%
296,medium,2019,62.375%,3,62.378%,124.753%
297,medium,2019,21.774%,3,19.088%,40.862%
298,medium,2019,13.219%,3,15.212%,28.432%
299,medium,2019,33.059%,3,17.605%,50.664%
300,high,2019,-38.743%,3,119.499%,80.756%
301,medium,2019,36.177%,3,12.646%,48.823%
302,high,2019,-38.743%,3,119.499%,80.756%
303,high,2019,-38.743%,3,119.499%,80.756%
304,high,2019,-38.743%,3,119.499%,80.756%
305,medium,2019,13.219%,3,15.212%,28.432%
306,high,2019,-44.565%,3,59.511%,14.945%
307,medium,2019,10.101%,3,20.172%,30.273%
308,medium,2019,13.219%,3,15.212%,28.432%
309,medium,2019,13.219%,3,15.212%,28.432%
310,low,2019,1.255%,3,26.474%,27.728%
311,high,2019,-38.743%,3,119.499%,80.756%
312,high,2019,-38.743%,3,119.499%,80.756%
313,medium,2019,13.219%,3,15.212%,28.432%
314,medium,2019,38.487%,3,16.58%,55.067%
315,high,2019,-38.743%,3,119.499%,80.756%
316,medium,2019,13.219%,3,15.212%,28.432%
317,medium,2019,13.219%,3,15.212%,28.432%
318,high,2019,-38.743%,3,119.499%,80.756%
319,medium,2019,62.375%,3,62.378%,124.753%
320,medium,2019,10.101%,3,20.172%,30.273%
321,low,2019,-3.155%,2,31.854%,28.7%
322,medium,2019,7.659%,3,35.476%,43.135%
323,medium,2019,37.481%,3,3.404%,40.885%
324,medium,2019,5.88%,3,52.528%,58.408%
325,medium,2019,7.625%,3,15.221%,22.846%
326,medium,2019,10.101%,3,20.172%,30.273%
327,medium,2019,31.657%,3,20.249%,51.906%
328,medium,2019,15.213%,3,91.813%,107.026%
329,high,2019,-2.344%,3,32.942%,30.598%
330,medium,2019,13.219%,3,15.212%,28.432%
331,medium,2019,36.177%,3,12.646%,48.823%
332,medium,2019,13.219%,3,15.212%,28.432%
333,medium,2019,34.775%,3,15.29%,50.065%
334,medium,2019,23.552%,3,2.036%,25.589%
335,medium,2019,25.636%,3,-1.26%,24.377%
336,medium,2019,13.219%,3,15.212%,28.432%
337,high,2019,-38.743%,3,119.499%,80.756%
338,medium,2019,13.219%,3,15.212%,28.432%
339,medium,2019,13.219%,3,15.212%,28.432%
340,medium,2019,36.177%,3,12.646%,48.823%
341,medium,2019,42.762%,3,16.681%,59.442%
342,medium,2019,36.177%,3,12.646%,48.823%
343,medium,2019,8.797%,3,29.414%,38.211%
344,high,2019,-10.757%,3,20.469%,9.712%
345,medium,2019,23.552%,3,2.036%,25.589%
346,medium,2019,13.219%,3,15.212%,28.432%
347,medium,2019,7.625%,3,15.221%,22.846%
348,medium,2019,25.636%,3,-1.26%,24.377%
349,high,2019,-38.743%,3,119.499%,80.756%
350,low,2019,-0.806%,1,-20.036%,-20.842%
351,medium,2019,13.219%,3,15.212%,28.432%
352,medium,2019,13.219%,3,15.212%,28.432%
353,medium,2019,23.246%,3,29.513%,52.759%
354,medium,2019,13.219%,3,15.212%,28.432%
355,medium,2019,13.219%,3,15.212%,28.432%
356,medium,2019,42.762%,3,16.681%,59.442%
357,high,2019,-10.757%,3,20.469%,9.712%
358,medium,2019,13.219%,3,15.212%,28.432%
359,medium,2019,10.101%,3,20.172%,30.273%
360,medium,2019,23.246%,3,29.513%,52.759%
361,high,2019,-10.757%,3,20.469%,9.712%
362,medium,2019,10.101%,3,20.172%,30.273%
363,low,2019,2.735%,3,41.307%,44.042%
364,low,2019,-17.525%,3,19.705%,2.181%
365,low,2019,14.358%,3,37.163%,51.521%
366,medium,2019,13.219%,3,15.212%,28.432%
367,medium,2019,-9.254%,3,35.037%,25.783%
368,medium,2019,20.798%,3,-12.715%,8.083%
369,medium,2019,33.059%,3,17.605%,50.664%
370,medium,2019,10.101%,3,20.172%,30.273%
371,low,2019,-1.531%,3,46.747%,45.216%
372,medium,2019,13.219%,3,15.212%,28.432%
373,medium,2019,37.481%,3,3.404%,40.885%
374,medium,2019,13.219%,3,15.212%,28.432%
375,medium,2019,16.38%,3,19.864%,36.244%
376,low,2019,-2.643%,3,48.762%,46.119%
377,medium,2019,36.177%,3,12.646%,48.823%
378,medium,2019,17.339%,3,7.986%,25.325%
379,medium,2019,30.353%,3,29.491%,59.844%
380,high,2019,-38.743%,3,119.499%,80.756%
381,medium,2019,13.219%,3,15.212%,28.432%
382,high,2019,-38.743%,3,119.499%,80.756%
383,high,2019,-38.743%,3,119.499%,80.756%
384,medium,2019,31.657%,3,20.249%,51.906%
385,medium,2019,10.101%,3,20.172%,30.273%
386,medium,2019,13.219%,3,15.212%,28.432%
387,low,2019,0.323%,3,27.072%,27.395%
388,high,2019,-38.743%,3,119.499%,80.756%
389,medium,2019,15.725%,3,5.45%,21.175%
390,low,2019,5.239%,3,27.344%,32.582%
391,low,2019,-4.625%,3,12.226%,7.602%
392,medium,2019,31.351%,3,47.726%,79.077%
393,medium,2019,23.246%,3,29.513%,52.759%
394,medium,2019,16.078%,3,46.126%,62.205%
395,medium,2019,10.101%,3,20.172%,30.273%
396,medium,2019,13.219%,3,15.212%,28.432%
397,low,2019,9.847%,3,13.099%,22.945%
398,medium,2019,9.795%,3,47.648%,57.444%
399,high,2019,-38.743%,3,119.499%,80.756%
400,high,2019,-38.743%,3,119.499%,80.756%
401,medium,2019,3.225%,3,82.674%,85.899%
402,low,2019,14.358%,3,37.163%,51.521%
403,medium,2019,13.219%,3,15.212%,28.432%
404,high,2019,-38.743%,3,119.499%,80.756%
405,medium,2019,13.219%,3,15.212%,28.432%
406,high,2019,34.46%,3,8.291%,42.751%
407,medium,2019,10.101%,3,20.172%,30.273%
408,medium,2019,13.219%,3,15.212%,28.432%
409,medium,2019,18.811%,3,18.411%,37.222%
410,medium,2019,5.705%,3,62.952%,68.657%
411,low,2019,-3.802%,3,14.463%,10.661%
412,low,2019,1.609%,3,38.084%,39.693%
413,medium,2019,38.487%,3,16.58%,55.067%
414,low,2019,0.323%,3,27.072%,27.395%
415,medium,2019,10.101%,3,20.172%,30.273%
416,medium,2019,12.917%,3,24.233%,37.15%
417,medium,2019,13.219%,3,15.212%,28.432%
418,medium,2019,13.219%,3,15.212%,28.432%
419,low,2019,-1.39%,3,28.698%,27.308%
420,medium,2019,13.219%,3,15.212%,28.432%
421,low,2019,2.735%,3,41.307%,44.042%
422,medium,2019,13.219%,3,15.212%,28.432%
423,medium,2019,13.219%,3,15.212%,28.432%
424,high,2019,-38.743%,3,119.499%,80.756%
425,medium,2019,0.978%,3,19.739%,20.717%
426,medium,2019,13.219%,3,15.212%,28.432%
427,low,2019,-17.525%,3,19.705%,2.181%
428,high,2019,-38.743%,3,119.499%,80.756%
429,medium,2019,13.219%,3,15.212%,28.432%
430,medium,2019,37.481%,3,3.404%,40.885%
431,medium,2019,25.636%,3,-1.26%,24.377%
432,medium,2019,34.775%,3,15.29%,50.065%
433,medium,2019,10.101%,3,20.172%,30.273%
434,medium,2019,13.219%,3,15.212%,28.432%
435,low,2019,-9.21%,3,23.878%,14.668%
436,medium,2019,13.219%,3,15.212%,28.432%
437,medium,2019,33.059%,3,17.605%,50.664%
438,medium,2019,8.789%,3,34.472%,43.261%
439,medium,2019,42.762%,3,16.681%,59.442%
440,medium,2019,13.219%,3,15.212%,28.432%
441,medium,2019,10.101%,3,20.172%,30.273%
442,medium,2019,13.219%,3,15.212%,28.432%
443,medium,2019,13.219%,3,15.212%,28.432%
444,medium,2019,14.087%,3,51.296%,65.382%
445,low,2019,-3.802%,3,14.463%,10.661%
446,medium,2019,-4.326%,3,43.981%,39.655%
447,low,2019,-2.676%,3,17.686%,15.01%
448,medium,2019,0.978%,3,19.739%,20.717%
449,medium,2019,13.219%,3,15.212%,28.432%
450,medium,2019,13.219%,3,15.212%,28.432%
451,low,2019,8.208%,3,24.114%,32.322%
452,high,2019,-12.739%,3,38.527%,25.788%
453,medium,2019,7.625%,3,15.221%,22.846%
454,medium,2019,12.089%,3,16.216%,28.305%
455,medium,2019,7.791%,3,16.238%,24.029%
456,medium,2019,13.219%,3,15.212%,28.432%
457,medium,2019,19.227%,3,27.096%,46.323%
458,medium,2019,38.487%,3,16.58%,55.067%
459,medium,2019,23.246%,3,29.513%,52.759%
460,medium,2019,19.227%,3,27.096%,46.323%
461,medium,2019,23.552%,3,2.036%,25.589%
462,medium,2019,9.795%,3,47.648%,57.444%
463,medium,2019,10.101%,3,20.172%,30.273%
464,medium,2019,13.219%,3,15.212%,28.432%
465,low,2019,19.001%,1,42.001%,61.003%
466,high,2019,-10.757%,3,20.469%,9.712%
467,high,2019,-10.757%,3,20.469%,9.712%
468,medium,2019,1.761%,3,32.859%,34.621%
469,medium,2019,10.101%,3,20.172%,30.273%
470,medium,2019,13.219%,3,15.212%,28.432%
471,medium,2019,36.177%,3,12.646%,48.823%
472,medium,2019,30.353%,3,29.491%,59.844%
473,medium,2019,32.753%,3,45.082%,77.835%
474,low,2019,5.483%,3,2.271%,7.753%
475,low,2019,0.323%,3,27.072%,27.395%
476,medium,2019,13.219%,3,15.212%,28.432%
477,medium,2019,6.354%,3,44.718%,51.072%
478,medium,2019,13.219%,3,15.212%,28.432%
479,high,2019,-2.344%,3,32.942%,30.598%
480,medium,2019,13.219%,3,15.212%,28.432%
481,medium,2019,25.636%,3,-1.26%,24.377%
482,medium,2019,33.059%,3,17.605%,50.664%
483,medium,2019,7.485%,3,43.714%,51.199%
484,high,2019,-38.743%,3,119.499%,80.756%
485,medium,2019,31.657%,3,20.249%,51.906%
486,medium,2019,31.351%,3,47.726%,79.077%
487,medium,2019,19.227%,3,27.096%,46.323%
488,medium,2019,62.375%,3,62.378%,124.753%
489,medium,2019,13.219%,3,15.212%,28.432%
490,medium,2019,7.791%,3,16.238%,24.029%
491,medium,2019,13.219%,3,15.212%,28.432%
492,low,2019,-12.898%,3,55.905%,43.007%
493,low,2019,0.323%,3,27.072%,27.395%
494,medium,2019,13.219%,3,15.212%,28.432%
495,medium,2019,13.219%,3,15.212%,28.432%
496,medium,2019,10.101%,3,20.172%,30.273%
497,medium,2019,37.481%,3,3.404%,40.885%
498,medium,2019,13.219%,3,15.212%,28.432%
499,medium,2019,10.101%,3,20.172%,30.273%
500,high,2019,-38.743%,3,119.499%,80.756%
501,medium,2019,13.219%,3,15.212%,28.432%
502,high,2019,-38.743%,3,119.499%,80.756%
503,medium,2019,7.485%,3,43.714%,51.199%
504,medium,2019,13.219%,3,15.212%,28.432%
505,medium,2019,3.234%,3,43.284%,46.518%
506,high,2019,34.63%,3,14.059%,48.689%
507,medium,2019,42.762%,3,16.681%,59.442%
508,medium,2019,-9.254%,3,35.037%,25.783%
509,medium,2019,13.219%,3,15.212%,28.432%
510,medium,2019,37.481%,3,3.404%,40.885%
511,low,2019,-2.553%,3,16.498%,13.946%
512,medium,2019,25.971%,3,62.723%,88.694%
513,medium,2019,13.219%,3,15.212%,28.432%
514,medium,2019,8.797%,3,29.414%,38.211%
515,medium,2019,8.797%,3,29.414%,38.211%
516,medium,2019,25.636%,3,-1.26%,24.377%
517,low,2019,-3.802%,3,14.463%,10.661%
518,medium,2019,7.625%,3,15.221%,22.846%
519,medium,2019,8.789%,3,34.472%,43.261%
521,medium,2019,9.795%,3,47.648%,57.444%
522,low,2019,8.208%,3,24.114%,32.322%
523,high,2019,34.63%,3,14.059%,48.689%
524,medium,2019,10.101%,3,20.172%,30.273%
525,medium,2019,5.705%,3,62.952%,68.657%
526,high,2019,-38.655%,3,57.319%,18.664%
527,medium,2019,13.219%,3,15.212%,28.432%
528,medium,2019,13.219%,3,15.212%,28.432%
529,medium,2019,13.219%,3,15.212%,28.432%
530,medium,2019,32.753%,3,45.082%,77.835%
531,medium,2019,-19.758%,3,38.817%,19.06%
532,low,2019,-3.802%,3,14.463%,10.661%
533,medium,2019,37.481%,3,3.404%,40.885%
534,medium,2019,13.219%,3,15.212%,28.432%
535,high,2019,34.63%,3,14.059%,48.689%
536,medium,2019,13.219%,3,15.212%,28.432%
537,medium,2019,42.762%,3,16.681%,59.442%
538,medium,2019,38.487%,3,16.58%,55.067%
539,medium,2019,36.177%,3,12.646%,48.823%
540,medium,2019,13.219%,3,15.212%,28.432%
541,medium,2019,13.219%,3,15.212%,28.432%
542,medium,2019,23.246%,3,29.513%,52.759%
543,high,2019,19.268%,3,14.743%,34.011%
544,medium,2019,37.175%,3,30.881%,68.056%
545,medium,2019,38.487%,3,16.58%,55.067%
546,medium,2019,13.219%,3,15.212%,28.432%
547,medium,2019,13.219%,3,15.212%,28.432%
548,medium,2019,7.791%,3,16.238%,24.029%
549,medium,2019,10.101%,3,20.172%,30.273%
550,low,2019,-1.512%,3,13.176%,11.664%
551,medium,2019,10.101%,3,20.172%,30.273%
552,medium,2019,8.323%,3,37.224%,45.546%
553,medium,2019,13.219%,3,15.212%,28.432%
554,medium,2019,34.057%,3,35.84%,69.897%
555,medium,2019,38.487%,3,16.58%,55.067%
556,medium,2019,10.101%,3,20.172%,30.273%
557,low,2019,0.323%,3,27.072%,27.395%
558,medium,2019,13.219%,3,15.212%,28.432%
559,medium,2019,34.775%,3,15.29%,50.065%
560,medium,2019,13.219%,3,15.212%,28.432%
561,high,2019,-38.743%,3,119.499%,80.756%
562,low,2019,-0.307%,3,24.64%,24.334%
563,medium,2019,8.083%,3,12.052%,20.135%
564,low,2019,0.323%,3,27.072%,27.395%
565,low,2019,7.132%,3,0.547%,7.679%
566,medium,2019,13.219%,3,15.212%,28.432%
567,medium,2019,8.797%,3,29.414%,38.211%
569,medium,2019,12.917%,3,24.233%,37.15%
570,medium,2019,37.481%,3,3.404%,40.885%
571,medium,2019,23.552%,3,2.036%,25.589%
572,low,2019,0.323%,3,27.072%,27.395%
573,medium,2019,13.219%,3,15.212%,28.432%
574,medium,2019,10.101%,3,20.172%,30.273%
575,medium,2019,5.527%,3,11.852%,17.379%
576,medium,2019,7.791%,3,16.238%,24.029%
577,medium,2019,30.353%,3,29.491%,59.844%
578,medium,2019,13.219%,3,15.212%,28.432%
579,medium,2019,8.323%,3,37.224%,45.546%
580,medium,2019,29.879%,3,37.301%,67.18%
581,high,2019,-12.739%,3,38.527%,25.788%
582,medium,2019,13.219%,3,15.212%,28.432%
583,medium,2019,15.27%,3,14.064%,29.334%
584,low,2019,0.323%,3,27.072%,27.395%
585,high,2019,12.54%,3,2.287%,14.827%
586,high,2019,-38.743%,3,119.499%,80.756%
587,medium,2019,13.219%,3,15.212%,28.432%
588,medium,2019,13.219%,3,15.212%,28.432%
589,medium,2019,8.797%,3,29.414%,38.211%
590,medium,2019,-9.254%,3,35.037%,25.783%
591,high,2019,-38.743%,3,119.499%,80.756%
592,high,2019,-10.757%,3,20.469%,9.712%
593,medium,2019,13.219%,3,15.212%,28.432%
594,medium,2019,8.797%,3,29.414%,38.211%
595,medium,2019,13.219%,3,15.212%,28.432%
596,medium,2019,37.481%,3,3.404%,40.885%
597,medium,2019,29.879%,3,37.301%,67.18%
598,high,2019,12.54%,3,2.287%,14.827%
599,medium,2019,13.219%,3,15.212%,28.432%
600,high,2019,-38.743%,3,119.499%,80.756%
601,high,2019,-38.743%,3,119.499%,80.756%
602,high,2019,-38.743%,3,119.499%,80.756%
603,low,2019,9.847%,3,13.099%,22.945%
604,medium,2019,13.219%,3,15.212%,28.432%
605,medium,2019,33.741%,3,16.953%,50.694%
606,medium,2019,33.741%,3,16.953%,50.694%
607,low,2019,2.735%,3,41.307%,44.042%
608,medium,2019,38.487%,3,16.58%,55.067%
609,medium,2019,10.101%,3,20.172%,30.273%
610,medium,2019,13.219%,3,15.212%,28.432%
611,medium,2019,37.481%,3,3.404%,40.885%
612,medium,2019,13.219%,3,15.212%,28.432%
613,medium,2019,13.219%,3,15.212%,28.432%
614,medium,2019,13.219%,3,15.212%,28.432%
615,medium,2019,-10.971%,3,49.926%,38.956%
616,medium,2019,13.219%,3,15.212%,28.432%
617,high,2019,-38.743%,3,119.499%,80.756%
618,low,2019,-2.676%,3,17.686%,15.01%
619,medium,2019,31.351%,3,47.726%,79.077%
620,medium,2019,36.177%,3,12.646%,48.823%
621,high,2019,-38.743%,3,119.499%,80.756%
622,medium,2019,8.797%,3,29.414%,38.211%
623,high,2019,-12.739%,3,38.527%,25.788%
624,high,2019,-38.743%,3,119.499%,80.756%
625,medium,2019,13.219%,3,15.212%,28.432%
626,medium,2019,37.481%,3,3.404%,40.885%
627,medium,2019,13.219%,3,15.212%,28.432%
628,medium,2019,13.219%,3,15.212%,28.432%
629,medium,2019,19.227%,3,27.096%,46.323%
630,high,2019,-38.743%,3,119.499%,80.756%
631,medium,2019,6.354%,3,44.718%,51.072%
632,medium,2019,10.101%,3,20.172%,30.273%
633,medium,2019,13.219%,3,15.212%,28.432%
634,high,2019,-38.743%,3,119.499%,80.756%
635,medium,2019,10.873%,3,31.176%,42.049%
636,medium,2019,13.219%,3,15.212%,28.432%
637,medium,2019,13.219%,3,15.212%,28.432%
638,low,2019,-3.802%,3,14.463%,10.661%
639,low,2019,-2.676%,3,17.686%,15.01%
640,medium,2019,37.481%,3,3.404%,40.885%
641,high,2019,-38.743%,3,119.499%,80.756%
642,medium,2019,13.219%,3,15.212%,28.432%
643,medium,2019,15.27%,3,14.064%,29.334%
644,medium,2019,22.287%,3,9.814%,32.101%
645,medium,2019,30.353%,3,29.491%,59.844%
646,medium,2019,13.219%,3,15.212%,28.432%
647,medium,2019,13.219%,3,15.212%,28.432%
648,medium,2019,7.791%,3,16.238%,24.029%
649,low,2019,6.204%,3,0.645%,6.85%
650,medium,2019,13.219%,3,15.212%,28.432%
651,high,2019,-4.882%,3,56.027%,51.145%
652,medium,2019,9.875%,3,12.941%,22.816%
653,medium,2019,14.087%,3,51.296%,65.382%
654,medium,2019,-4.326%,3,43.981%,39.655%
655,medium,2019,13.219%,3,15.212%,28.432%
656,medium,2019,13.219%,3,15.212%,28.432%
657,medium,2019,-10.971%,3,49.926%,38.956%
658,medium,2019,8.797%,3,29.414%,38.211%
659,high,2019,-38.743%,3,119.499%,80.756%
661,medium,2019,4.367%,3,48.673%,53.04%
662,high,2019,12.54%,3,2.287%,14.827%
663,medium,2019,30.353%,3,29.491%,59.844%
664,low,2019,1.609%,3,38.084%,39.693%
665,medium,2019,13.219%,3,15.212%,28.432%
666,low,2019,8.208%,3,24.114%,32.322%
667,high,2019,-10.757%,3,20.469%,9.712%
668,high,2019,-38.743%,3,119.499%,80.756%
669,medium,2019,7.485%,3,43.714%,51.199%
670,low,2019,2.503%,3,-2.154%,0.349%
671,medium,2019,38.487%,3,16.58%,55.067%
672,medium,2019,13.219%,3,15.212%,28.432%
673,medium,2019,19.227%,3,27.096%,46.323%
674,medium,2019,32.753%,3,45.082%,77.835%
675,high,2019,-38.743%,3,119.499%,80.756%
676,medium,2019,10.873%,3,31.176%,42.049%
677,medium,2019,12.614%,3,40.871%,53.485%
678,high,2019,-10.757%,3,20.469%,9.712%
679,high,2019,-38.743%,3,119.499%,80.756%
680,low,2019,0.323%,3,27.072%,27.395%
681,medium,2019,-28.492%,3,65.418%,36.926%
682,medium,2019,7.791%,3,16.238%,24.029%
683,low,2019,-1.39%,3,28.698%,27.308%
684,high,2019,-38.743%,3,119.499%,80.756%
685,medium,2019,13.219%,3,15.212%,28.432%
686,medium,2019,13.219%,3,15.212%,28.432%
687,high,2019,-38.743%,3,119.499%,80.756%
688,medium,2019,13.219%,3,15.212%,28.432%
689,medium,2019,13.219%,3,15.212%,28.432%
690,medium,2019,12.917%,3,24.233%,37.15%
691,medium,2019,15.27%,3,14.064%,29.334%
692,medium,2019,38.487%,3,16.58%,55.067%
693,medium,2019,4.367%,3,48.673%,53.04%
694,medium,2019,-22.915%,3,27.971%,5.056%
695,medium,2019,37.481%,3,3.404%,40.885%
696,medium,2019,7.659%,3,35.476%,43.135%
697,medium,2019,13.219%,3,15.212%,28.432%
698,low,2019,-0.265%,3,27.252%,26.987%
699,medium,2019,13.219%,3,15.212%,28.432%
700,high,2019,-38.743%,3,119.499%,80.756%
701,medium,2019,10.101%,3,20.172%,30.273%
702,medium,2019,13.219%,3,15.212%,28.432%
703,medium,2019,13.219%,3,15.212%,28.432%
704,high,2019,-38.743%,3,119.499%,80.756%
705,high,2019,-38.743%,3,119.499%,80.756%
706,medium,2019,19.227%,3,27.096%,46.323%
707,high,2019,-38.743%,3,119.499%,80.756%
708,medium,2019,13.219%,3,15.212%,28.432%
709,medium,2019,10.101%,3,20.172%,30.273%
711,medium,2019,30.353%,3,29.491%,59.844%
712,medium,2019,13.219%,3,15.212%,28.432%
713,medium,2019,9.795%,3,47.648%,57.444%
714,medium,2019,10.101%,3,20.172%,30.273%
715,low,2019,0.323%,3,27.072%,27.395%
716,low,2019,0.323%,3,27.072%,27.395%
717,high,2019,-38.743%,3,119.499%,80.756%
718,high,2019,19.268%,3,14.743%,34.011%
719,medium,2019,13.219%,3,15.212%,28.432%
720,medium,2019,25.971%,3,62.723%,88.694%
721,medium,2019,29.879%,3,37.301%,67.18%
722,medium,2019,38.487%,3,16.58%,55.067%
723,low,2019,9.847%,3,13.099%,22.945%
724,medium,2019,13.219%,3,15.212%,28.432%
725,high,2019,-38.743%,3,119.499%,80.756%
726,medium,2019,4.367%,3,48.673%,53.04%
727,high,2019,-38.743%,3,119.499%,80.756%
728,high,2019,-10.757%,3,20.469%,9.712%
729,medium,2019,34.775%,3,15.29%,50.065%
730,medium,2019,13.219%,3,15.212%,28.432%
731,medium,2019,9.795%,3,47.648%,57.444%
732,medium,2019,8.789%,3,34.472%,43.261%
733,low,2019,5.483%,3,2.271%,7.753%
734,medium,2019,13.219%,3,15.212%,28.432%
735,high,2019,12.54%,3,2.287%,14.827%
736,medium,2019,6.354%,3,44.718%,51.072%
737,medium,2019,13.219%,3,15.212%,28.432%
738,medium,2019,30.353%,3,29.491%,59.844%
739,medium,2019,37.481%,3,3.404%,40.885%
740,medium,2019,7.485%,3,43.714%,51.199%
741,medium,2019,37.481%,3,3.404%,40.885%
742,low,2019,-2.676%,3,17.686%,15.01%
743,medium,2019,14.087%,3,51.296%,65.382%
744,low,2019,0.323%,3,27.072%,27.395%
745,high,2019,12.54%,3,2.287%,14.827%
746,medium,2019,13.219%,3,15.212%,28.432%
747,low,2019,2.735%,3,41.307%,44.042%
748,medium,2019,-19.758%,3,38.817%,19.06%
749,medium,2019,13.219%,3,15.212%,28.432%
750,medium,2019,13.219%,3,15.212%,28.432%
751,medium,2019,13.219%,3,15.212%,28.432%
752,medium,2019,8.323%,3,37.224%,45.546%
753,medium,2019,13.219%,3,15.212%,28.432%
754,medium,2019,10.101%,3,20.172%,30.273%
755,medium,2019,7.791%,3,16.238%,24.029%
756,medium,2019,3.647%,3,0.95%,4.597%
757,medium,2019,18.811%,3,18.411%,37.222%
758,low,2019,-21.106%,3,19.321%,-1.785%
759,low,2019,7.883%,3,32.505%,40.388%
760,medium,2019,13.219%,3,15.212%,28.432%
761,medium,2019,37.175%,3,30.881%,68.056%
762,medium,2019,13.219%,3,15.212%,28.432%
763,medium,2019,19.227%,3,27.096%,46.323%
764,medium,2019,13.219%,3,15.212%,28.432%
765,medium,2019,13.219%,3,15.212%,28.432%
766,high,2019,-38.743%,3,119.499%,80.756%
767,medium,2019,10.101%,3,20.172%,30.273%
768,medium,2019,13.219%,3,15.212%,28.432%
769,medium,2019,14.087%,3,51.296%,65.382%
770,medium,2019,13.219%,3,15.212%,28.432%
771,medium,2019,42.762%,3,16.681%,59.442%
772,medium,2019,37.481%,3,3.404%,40.885%
773,medium,2019,13.219%,3,15.212%,28.432%
774,medium,2019,0.978%,3,19.739%,20.717%
775,medium,2019,13.219%,3,15.212%,28.432%
776,high,2019,-38.743%,3,119.499%,80.756%
777,medium,2019,31.351%,3,47.726%,79.077%
778,medium,2019,13.219%,3,15.212%,28.432%
779,high,2019,-38.743%,3,119.499%,80.756%
780,medium,2019,13.219%,3,15.212%,28.432%
781,medium,2019,36.177%,3,12.646%,48.823%
782,medium,2019,13.219%,3,15.212%,28.432%
783,medium,2019,13.219%,3,15.212%,28.432%
784,medium,2019,21.774%,3,19.088%,40.862%
785,medium,2019,13.219%,3,15.212%,28.432%
786,medium,2019,23.552%,3,2.036%,25.589%
787,medium,2019,19.227%,3,27.096%,46.323%
788,low,2019,-1.39%,3,28.698%,27.308%
789,low,2019,-2.643%,3,48.762%,46.119%
790,low,2019,18.46%,3,29.67%,48.13%
791,medium,2019,12.28%,3,55.687%,67.966%
792,high,2019,-38.743%,3,119.499%,80.756%
793,medium,2019,31.351%,3,47.726%,79.077%
794,medium,2019,13.219%,3,15.212%,28.432%
795,high,2019,-38.743%,3,119.499%,80.756%
796,high,2019,-38.743%,3,119.499%,80.756%
797,medium,2019,23.552%,3,2.036%,25.589%
798,low,2019,-1.39%,3,28.698%,27.308%
799,low,2019,0.323%,3,27.072%,27.395%
800,medium,2019,13.219%,3,15.212%,28.432%
801,medium,2019,13.219%,3,15.212%,28.432%
802,high,2019,-38.743%,3,119.499%,80.756%
803,medium,2019,10.101%,3,20.172%,30.273%
804,medium,2019,27.046%,3,-19.014%,8.031%
805,medium,2019,7.791%,3,16.238%,24.029%
806,medium,2019,13.219%,3,15.212%,28.432%
807,medium,2019,13.219%,3,15.212%,28.432%
808,medium,2019,13.219%,3,15.212%,28.432%
809,low,2019,-0.307%,3,24.64%,24.334%
810,medium,2019,13.219%,3,15.212%,28.432%
811,medium,2019,10.101%,3,20.172%,30.273%
812,medium,2019,15.725%,3,5.45%,21.175%
813,high,2019,-38.743%,3,119.499%,80.756%
814,medium,2019,13.219%,3,15.212%,28.432%
815,low,2019,-0.265%,3,27.252%,26.987%
816,medium,2019,31.657%,3,20.249%,51.906%
817,medium,2019,31.351%,3,47.726%,79.077%
818,high,2019,-38.655%,3,57.319%,18.664%
819,medium,2019,13.219%,3,15.212%,28.432%
820,high,2019,-38.655%,3,57.319%,18.664%
821,medium,2019,37.481%,3,3.404%,40.885%
823,medium,2019,38.487%,3,16.58%,55.067%
824,medium,2019,13.219%,3,15.212%,28.432%
825,low,2019,-1.531%,3,46.747%,45.216%
826,medium,2019,1.761%,3,32.859%,34.621%
827,medium,2019,13.219%,3,15.212%,28.432%
828,medium,2019,13.219%,3,15.212%,28.432%
829,high,2019,7.218%,3,21.072%,28.291%
830,medium,2019,13.219%,3,15.212%,28.432%
831,medium,2019,13.219%,3,15.212%,28.432%
832,medium,2019,36.177%,3,12.646%,48.823%
833,medium,2019,2.235%,3,25.049%,27.285%
834,high,2019,-10.757%,3,20.469%,9.712%
835,medium,2019,23.552%,3,2.036%,25.589%
836,medium,2019,13.219%,3,15.212%,28.432%
837,medium,2019,10.101%,3,20.172%,30.273%
838,low,2019,-1.39%,3,28.698%,27.308%
839,medium,2019,13.219%,3,15.212%,28.432%
840,medium,2019,13.219%,3,15.212%,28.432%
841,medium,2019,19.227%,3,27.096%,46.323%
842,medium,2019,21.774%,3,19.088%,40.862%
843,low,2019,0.323%,3,27.072%,27.395%
844,low,2019,12.378%,3,35.566%,47.944%
845,medium,2019,8.797%,3,29.414%,38.211%
846,medium,2019,7.485%,3,43.714%,51.199%
847,medium,2019,31.351%,3,47.726%,79.077%
848,medium,2019,-28.492%,3,65.418%,36.926%
849,high,2019,-2.344%,3,32.942%,30.598%
850,medium,2019,13.219%,3,15.212%,28.432%
851,low,2019,0.323%,3,27.072%,27.395%
852,medium,2019,16.38%,3,19.864%,36.244%
853,medium,2019,21.774%,3,19.088%,40.862%
854,medium,2019,13.219%,3,15.212%,28.432%
855,medium,2019,31.657%,3,20.249%,51.906%
856,medium,2019,27.046%,3,-19.014%,8.031%
857,medium,2019,13.219%,3,15.212%,28.432%
858,low,2019,0.323%,3,27.072%,27.395%
859,low,2019,-3.802%,3,14.463%,10.661%
860,low,2019,18.46%,3,29.67%,48.13%
861,medium,2019,13.219%,3,15.212%,28.432%
862,low,2019,-1.39%,3,28.698%,27.308%
863,low,2019,-1.39%,3,28.698%,27.308%
864,high,2019,34.63%,3,14.059%,48.689%
865,low,2019,0.323%,3,27.072%,27.395%
866,medium,2019,10.101%,3,20.172%,30.273%
867,low,2019,-1.531%,3,46.747%,45.216%
868,medium,2019,13.219%,3,15.212%,28.432%
869,medium,2019,33.059%,3,17.605%,50.664%
870,high,2019,-38.743%,3,119.499%,80.756%
871,medium,2019,34.775%,3,15.29%,50.065%
872,medium,2019,7.791%,3,16.238%,24.029%
873,medium,2019,34.775%,3,15.29%,50.065%
874,medium,2019,37.481%,3,3.404%,40.885%
875,high,2019,-38.743%,3,119.499%,80.756%
876,high,2019,-38.743%,3,119.499%,80.756%
877,high,2019,-38.743%,3,119.499%,80.756%
878,medium,2019,13.219%,3,15.212%,28.432%
879,high,2019,-10.757%,3,20.469%,9.712%
880,medium,2019,13.219%,3,15.212%,28.432%
881,low,2019,-3.802%,3,14.463%,10.661%
882,low,2019,-0.307%,3,24.64%,24.334%
883,medium,2019,37.481%,3,3.404%,40.885%
884,medium,2019,13.219%,3,15.212%,28.432%
885,high,2019,-27.926%,3,39.96%,12.034%
886,medium,2019,13.219%,3,15.212%,28.432%
887,high,2019,19.268%,3,14.743%,34.011%
888,medium,2019,13.219%,3,15.212%,28.432%
889,medium,2019,13.219%,3,15.212%,28.432%
890,low,2019,1.609%,3,38.084%,39.693%
891,high,2019,12.54%,3,2.287%,14.827%
892,medium,2019,8.797%,3,29.414%,38.211%
893,high,2019,-44.565%,3,59.511%,14.945%
894,medium,2019,13.219%,3,15.212%,28.432%
895,low,2019,-1.531%,3,46.747%,45.216%
896,high,2019,-38.743%,3,119.499%,80.756%
897,low,2019,0.323%,3,27.072%,27.395%
898,medium,2019,37.175%,3,30.881%,68.056%
899,low,2019,5.483%,3,2.271%,7.753%
900,medium,2019,13.219%,3,15.212%,28.432%
901,medium,2019,12.917%,3,24.233%,37.15%
902,high,2019,-38.743%,3,119.499%,80.756%
903,high,2019,-10.757%,3,20.469%,9.712%
904,medium,2019,19.227%,3,27.096%,46.323%
905,medium,2019,37.481%,3,3.404%,40.885%
906,medium,2019,37.481%,3,3.404%,40.885%
907,low,2019,-2.676%,3,17.686%,15.01%
908,medium,2019,13.219%,3,15.212%,28.432%
909,low,2019,8.208%,3,24.114%,32.322%
910,medium,2019,13.219%,3,15.212%,28.432%
911,low,2019,8.208%,3,24.114%,32.322%
912,medium,2019,36.177%,3,12.646%,48.823%
913,medium,2019,-6.363%,3,38.768%,32.405%
914,medium,2019,-28.492%,3,65.418%,36.926%
915,medium,2019,33.059%,3,17.605%,50.664%
916,medium,2019,10.101%,3,20.172%,30.273%
917,low,2019,9.847%,3,13.099%,22.945%
918,medium,2019,1.761%,3,32.859%,34.621%
919,medium,2019,13.219%,3,15.212%,28.432%
920,low,2019,10.651%,3,3.099%,13.75%
921,medium,2019,37.481%,3,3.404%,40.885%
922,medium,2019,4.367%,3,48.673%,53.04%
923,low,2019,0.323%,3,27.072%,27.395%
924,medium,2019,13.219%,3,15.212%,28.432%
925,medium,2019,10.101%,3,20.172%,30.273%
926,medium,2019,13.219%,3,15.212%,28.432%
927,medium,2019,-9.54%,3,54.835%,45.295%
928,high,2019,-10.757%,3,20.469%,9.712%
929,medium,2019,34.775%,3,15.29%,50.065%
930,medium,2019,36.177%,3,12.646%,48.823%
931,medium,2019,13.219%,3,15.212%,28.432%
932,medium,2019,0.978%,3,19.739%,20.717%
933,medium,2019,-10.971%,3,49.926%,38.956%
934,medium,2019,10.101%,3,20.172%,30.273%
935,medium,2019,42.762%,3,16.681%,59.442%
936,medium,2019,31.351%,3,47.726%,79.077%
937,high,2019,12.54%,3,2.287%,14.827%
938,low,2019,8.208%,3,24.114%,32.322%
939,high,2019,-38.743%,3,119.499%,80.756%
940,medium,2019,13.219%,3,15.212%,28.432%
941,low,2019,-1.39%,3,28.698%,27.308%
942,medium,2019,13.219%,3,15.212%,28.432%
943,high,2019,-38.743%,3,119.499%,80.756%
944,medium,2019,37.481%,3,3.404%,40.885%
945,medium,2019,23.552%,3,2.036%,25.589%
946,medium,2019,25.284%,3,17.849%,43.133%
947,medium,2019,13.219%,3,15.212%,28.432%
948,medium,2019,5.527%,3,11.852%,17.379%
949,medium,2019,19.227%,3,27.096%,46.323%
950,medium,2019,13.219%,3,15.212%,28.432%
951,medium,2019,13.219%,3,15.212%,28.432%
952,low,2019,9.847%,3,13.099%,22.945%
953,low,2019,1.609%,3,38.084%,39.693%
954,medium,2019,13.219%,3,15.212%,28.432%
955,high,2019,-38.743%,3,119.499%,80.756%
956,medium,2019,12.28%,3,55.687%,67.966%
957,medium,2019,13.219%,3,15.212%,28.432%
958,medium,2019,16.38%,3,19.864%,36.244%
959,medium,2019,13.219%,3,15.212%,28.432%
960,medium,2019,10.101%,3,20.172%,30.273%
961,high,2019,19.268%,3,14.743%,34.011%
962,medium,2019,7.791%,3,16.238%,24.029%
963,low,2019,8.208%,3,24.114%,32.322%
964,low,2019,-3.802%,3,14.463%,10.661%
965,medium,2019,33.059%,3,17.605%,50.664%
966,high,2019,12.54%,3,2.287%,14.827%
967,medium,2019,13.219%,3,15.212%,28.432%
968,medium,2019,7.485%,3,43.714%,51.199%
969,medium,2019,37.481%,3,3.404%,40.885%
970,medium,2019,22.248%,3,11.278%,33.527%
971,high,2019,-38.743%,3,119.499%,80.756%
972,medium,2019,10.101%,3,20.172%,30.273%
973,medium,2019,25.971%,3,62.723%,88.694%
974,medium,2019,12.089%,3,16.216%,28.305%
975,medium,2019,13.219%,3,15.212%,28.432%
976,medium,2019,13.219%,3,15.212%,28.432%
977,medium,2019,8.789%,3,34.472%,43.261%
978,medium,2019,21.774%,3,19.088%,40.862%
979,low,2019,-3.802%,3,14.463%,10.661%
980,medium,2019,13.219%,3,15.212%,28.432%
981,medium,2019,13.219%,3,15.212%,28.432%
982,medium,2019,10.101%,3,20.172%,30.273%
983,medium,2019,13.219%,3,15.212%,28.432%
984,medium,2019,38.487%,3,16.58%,55.067%
985,low,2019,9.847%,3,13.099%,22.945%
986,high,2019,-38.743%,3,119.499%,80.756%
987,medium,2019,13.219%,3,15.212%,28.432%
988,medium,2019,13.219%,3,15.212%,28.432%
989,medium,2019,-9.54%,3,54.835%,45.295%
990,medium,2019,13.219%,3,15.212%,28.432%
991,high,2019,34.46%,3,8.291%,42.751%
992,medium,2019,13.219%,3,15.212%,28.432%
993,medium,2019,13.219%,3,15.212%,28.432%
994,medium,2019,31.351%,3,47.726%,79.077%
995,medium,2019,10.101%,3,20.172%,30.273%
996,medium,2019,13.219%,3,15.212%,28.432%
997,medium,2019,13.219%,3,15.212%,28.432%
998,high,2019,-38.743%,3,119.499%,80.756%
999,high,2019,-2.344%,3,32.942%,30.598%
1000,medium,2019,7.791%,3,16.238%,24.029%
