,Sector,Stock,Range_Start,Range_End,Buy&Hold_Profit,WithModel_Profit,Buy&Hold_CAGR(in %),WithModel_CAGR(in %),CAGR_Performance(in %),Buy&Hold_MDD(in %),WithModel_MDD(in %),MDD_Performance(in %)
0,BlockChain,COIN,20210101,20211231,-1762.85,3594.22,-17.63,35.94,53.57,-42.04,-41.04,1.0
1,BlockChain,NVDA,20120101,20121231,-1779.99,-943.88,-17.8,-9.44,8.36,-29.79,-29.17,0.62
2,BlockChain,NVDA,20130101,20131231,2978.12,3630.5,29.78,36.3,6.52,-27.53,-27.53,0.0
3,BlockChain,NVDA,20140101,20141231,2880.98,2961.77,28.81,29.62,0.81,-28.47,-28.18,0.28
4,BlockChain,NVDA,20150101,20151231,6994.78,7308.15,69.95,73.08,3.13,-43.67,-43.66,0.01
5,BlockChain,NVDA,20160101,20161231,27880.18,30600.84,278.8,306.01,27.21,-79.48,-79.48,0.0
6,BlockChain,NVDA,20170101,20171231,8452.01,9860.28,84.52,98.6,14.08,-55.94,-55.93,0.01
7,BlockChain,NVDA,20180101,20181231,-3879.29,-3832.07,-38.79,-38.32,0.47,-56.23,-56.03,0.2
8,BlockChain,NVDA,20190101,20191231,6312.14,5334.43,63.12,53.34,-9.78,-44.23,-44.17,0.06
9,BlockChain,NVDA,20200101,20201231,11545.53,11179.05,115.46,111.79,-3.66,-66.0,-65.86,0.14
10,BlockChain,NVDA,20210101,20211231,12030.4,12661.22,120.3,126.61,6.31,-63.82,-63.54,0.28
11,BlockChain,FB,20120101,20121231,-2035.08,3825.54,-20.35,38.26,58.61,-45.05,-38.2,6.84
12,BlockChain,FB,20130101,20131231,8210.22,3016.43,82.1,30.16,-51.94,-60.58,-42.99,17.59
13,BlockChain,FB,20140101,20141231,3544.61,3870.0,35.45,38.7,3.25,-34.12,-34.05,0.08
14,BlockChain,FB,20150101,20151231,3525.63,4277.68,35.26,42.78,7.52,-31.95,-31.79,0.16
15,BlockChain,FB,20160101,20161231,1900.88,2061.72,19.01,20.62,1.61,-30.46,-30.35,0.12
16,BlockChain,FB,20170101,20171231,4249.41,3813.49,42.49,38.13,-4.36,-32.24,-30.39,1.84
17,BlockChain,FB,20180101,20181231,-2825.91,-2469.48,-28.26,-24.69,3.56,-42.93,-42.45,0.49
18,BlockChain,FB,20190101,20191231,4207.17,3679.67,42.07,36.8,-5.27,-31.95,-30.66,1.29
19,BlockChain,FB,20200101,20201231,2445.81,2170.02,24.46,21.7,-2.76,-53.44,-52.64,0.81
20,BlockChain,FB,20210101,20211231,3131.38,3267.49,31.31,32.67,1.36,-35.05,-32.29,2.76
21,Airline,BA,20120101,20121231,171.77,188.46,1.72,1.88,0.17,-12.52,-12.44,0.07
22,Airline,BA,20130101,20131231,8518.68,8769.2,85.19,87.69,2.51,-49.12,-49.04,0.08
23,Airline,BA,20140101,20141231,-438.74,-359.39,-4.39,-3.59,0.79,-15.67,-15.6,0.06
24,Airline,BA,20150101,20151231,1354.71,1528.85,13.55,15.29,1.74,-19.46,-19.44,0.02
25,Airline,BA,20160101,20161231,2353.76,2705.96,23.54,27.06,3.52,-35.51,-35.28,0.23
26,Airline,BA,20170101,20171231,9079.59,9303.55,90.8,93.04,2.24,-48.68,-48.53,0.16
27,Airline,BA,20180101,20181231,504.64,-328.32,5.05,-3.28,-8.33,-23.23,-23.19,0.04
28,Airline,BA,20190101,20191231,-287.58,-555.97,-2.88,-5.56,-2.68,-26.89,-26.75,0.13
29,Airline,BA,20200101,20201231,-3506.89,-3390.44,-35.07,-33.9,1.16,-71.42,-70.59,0.83
30,Airline,BA,20210101,20211231,-45.64,-234.89,-0.46,-2.35,-1.89,-31.38,-31.24,0.14
31,Airline,GD,20120101,20121231,-26.69,-269.95,-0.27,-2.7,-2.43,-15.93,-15.89,0.04
32,Airline,GD,20130101,20131231,3709.92,3698.6,37.1,36.99,-0.11,-33.03,-32.98,0.06
33,Airline,GD,20140101,20141231,4937.26,4795.27,49.37,47.95,-1.42,-36.26,-35.45,0.81
34,Airline,GD,20150101,20151231,199.86,219.42,2.0,2.19,0.2,-14.13,-14.08,0.05
35,Airline,GD,20160101,20161231,3469.84,3889.34,34.7,38.89,4.19,-32.12,-31.96,0.15
36,Airline,GD,20170101,20171231,1707.42,1780.62,17.07,17.81,0.73,-19.36,-19.29,0.07
37,Airline,GD,20180101,20181231,-2250.85,-2317.87,-22.51,-23.18,-0.67,-34.64,-34.33,0.31
38,Airline,GD,20190101,20191231,1290.45,1052.94,12.9,10.53,-2.38,-18.94,-17.35,1.59
39,Airline,GD,20200101,20201231,-1553.51,-1638.24,-15.54,-16.38,-0.85,-40.67,-40.35,0.32
40,Airline,GD,20210101,20211231,4153.63,3638.91,41.54,36.39,-5.15,-30.8,-30.57,0.23
41,Airline,LMT,20120101,20121231,1787.95,1650.03,17.88,16.5,-1.38,-17.95,-17.07,0.88
42,Airline,LMT,20130101,20131231,6466.92,6357.47,64.67,63.57,-1.09,-44.49,-44.37,0.12
43,Airline,LMT,20140101,20141231,3466.77,3124.98,34.67,31.25,-3.42,-28.29,-28.14,0.15
44,Airline,LMT,20150101,20151231,1571.1,1762.84,15.71,17.63,1.92,-19.08,-18.89,0.19
45,Airline,LMT,20160101,20161231,1967.32,1858.08,19.67,18.58,-1.09,-27.17,-26.85,0.32
46,Airline,LMT,20170101,20171231,2750.8,2970.45,27.51,29.7,2.2,-24.69,-24.5,0.19
47,Airline,LMT,20180101,20181231,-1818.87,-1837.68,-18.19,-18.38,-0.19,-30.22,-29.43,0.79
48,Airline,LMT,20190101,20191231,4792.28,4485.57,47.92,44.86,-3.07,-33.41,-32.54,0.87
49,Airline,LMT,20200101,20201231,-1106.34,-1359.44,-11.06,-13.59,-2.53,-35.02,-34.64,0.38
50,Airline,LMT,20210101,20211231,829.76,362.24,8.3,3.62,-4.68,-18.93,-18.62,0.32
51,Traveling,UBER,20190101,20191231,-3068.06,263.09,-30.68,2.63,33.31,-44.53,-14.98,29.55
52,Traveling,UBER,20200101,20201231,5455.7,3725.55,54.56,37.26,-17.3,-70.76,-44.37,26.39
53,Traveling,UBER,20210101,20211231,-1994.03,-2458.21,-19.94,-24.58,-4.64,-44.27,-44.21,0.06
54,Traveling,ABNB,20200101,20201231,264.17,-765.05,2.64,-7.65,-10.29,-15.88,-5.73,10.15
55,Traveling,ABNB,20210101,20211231,1387.97,-341.12,13.88,-3.41,-17.29,-39.9,-34.04,5.87
56,Traveling,MAR,20120101,20121231,1074.58,870.5,10.75,8.71,-2.04,-20.3,-18.77,1.53
57,Traveling,MAR,20130101,20131231,2755.67,2761.05,27.56,27.61,0.05,-23.56,-23.45,0.11
58,Traveling,MAR,20140101,20141231,6193.84,5929.97,61.94,59.3,-2.64,-40.41,-40.31,0.1
59,Traveling,MAR,20150101,20151231,-1265.03,-885.96,-12.65,-8.86,3.79,-22.76,-22.73,0.03
60,Traveling,MAR,20160101,20161231,3412.18,4022.29,34.12,40.22,6.1,-33.89,-33.83,0.06
61,Traveling,MAR,20170101,20171231,6825.45,6733.13,68.25,67.33,-0.92,-39.82,-39.36,0.46
62,Traveling,MAR,20180101,20181231,-2012.72,-2219.05,-20.13,-22.19,-2.06,-30.56,-30.37,0.19
63,Traveling,MAR,20190101,20191231,3963.91,3968.52,39.64,39.69,0.05,-30.94,-30.78,0.15
64,Traveling,MAR,20200101,20201231,-1132.43,-1150.64,-11.32,-11.51,-0.18,-58.97,-58.27,0.7
65,Traveling,MAR,20210101,20211231,2888.82,2921.82,28.89,29.22,0.33,-30.75,-30.61,0.15
66,Traveling,BKNG,20120101,20121231,2505.58,2196.83,25.06,21.97,-3.09,-38.38,-35.2,3.18
67,Traveling,BKNG,20130101,20131231,7495.23,7417.49,74.95,74.17,-0.78,-45.37,-44.53,0.83
68,Traveling,BKNG,20140101,20141231,-91.29,-161.4,-0.91,-1.61,-0.7,-24.85,-23.5,1.35
69,Traveling,BKNG,20150101,20151231,1813.84,2880.71,18.14,28.81,10.67,-32.41,-32.35,0.05
70,Traveling,BKNG,20160101,20161231,2775.38,3451.68,27.75,34.52,6.76,-39.51,-39.23,0.28
71,Traveling,BKNG,20170101,20171231,1378.28,1316.68,13.78,13.17,-0.62,-25.07,-23.22,1.85
72,Traveling,BKNG,20180101,20181231,-668.26,-990.17,-6.68,-9.9,-3.22,-26.65,-25.82,0.83
73,Traveling,BKNG,20190101,20191231,2420.03,1761.22,24.2,17.61,-6.59,-20.86,-17.75,3.11
74,Traveling,BKNG,20200101,20201231,500.14,496.09,5.0,4.96,-0.04,-46.96,-39.34,7.62
75,Traveling,BKNG,20210101,20211231,550.38,1020.33,5.5,10.2,4.7,-26.69,-23.48,3.21
76,Semiconductors,INTC,20120101,20121231,-1836.19,0.0,-18.36,0.0,18.36,-32.01,0.0,32.01
77,Semiconductors,INTC,20130101,20131231,2640.74,0.0,26.41,0.0,-26.41,-23.27,0.0,23.27
78,Semiconductors,INTC,20140101,20141231,4835.78,-86.58,48.36,-0.87,-49.22,-38.67,-5.05,33.61
79,Semiconductors,INTC,20150101,20151231,-250.27,-63.75,-2.5,-0.64,1.87,-30.26,-3.59,26.67
80,Semiconductors,INTC,20160101,20161231,1938.31,-892.55,19.38,-8.93,-28.31,-28.42,-12.93,15.49
81,Semiconductors,INTC,20170101,20171231,2991.98,1697.22,29.92,16.97,-12.95,-30.98,-17.79,13.19
82,Semiconductors,INTC,20180101,20181231,791.35,1364.51,7.91,13.65,5.73,-25.86,-24.17,1.7
83,Semiconductors,INTC,20190101,20191231,2735.94,1183.0,27.36,11.83,-15.53,-28.63,-23.76,4.87
84,Semiconductors,INTC,20200101,20201231,-1540.81,-1890.8,-15.41,-18.91,-3.5,-33.95,-36.37,-2.42
85,Semiconductors,INTC,20210101,20211231,371.49,-950.33,3.71,-9.5,-13.22,-28.58,-29.56,-0.99
86,Semiconductors,NVDA,20120101,20121231,-1779.99,-943.88,-17.8,-9.44,8.36,-29.79,-29.17,0.62
87,Semiconductors,NVDA,20130101,20131231,2978.12,3630.5,29.78,36.3,6.52,-27.53,-27.53,0.0
88,Semiconductors,NVDA,20140101,20141231,2880.98,2961.77,28.81,29.62,0.81,-28.47,-28.18,0.28
89,Semiconductors,NVDA,20150101,20151231,6994.78,7308.15,69.95,73.08,3.13,-43.67,-43.66,0.01
90,Semiconductors,NVDA,20160101,20161231,27880.18,30600.84,278.8,306.01,27.21,-79.48,-79.48,0.0
91,Semiconductors,NVDA,20170101,20171231,8452.01,9860.28,84.52,98.6,14.08,-55.94,-55.93,0.01
92,Semiconductors,NVDA,20180101,20181231,-3879.29,-3832.07,-38.79,-38.32,0.47,-56.23,-56.03,0.2
93,Semiconductors,NVDA,20190101,20191231,6312.14,5334.43,63.12,53.34,-9.78,-44.23,-44.17,0.06
94,Semiconductors,NVDA,20200101,20201231,11545.53,11179.05,115.46,111.79,-3.66,-66.0,-65.86,0.14
95,Semiconductors,NVDA,20210101,20211231,12030.4,12661.22,120.3,126.61,6.31,-63.82,-63.54,0.28
96,Semiconductors,QCOM,20120101,20121231,862.69,-72.98,8.63,-0.73,-9.36,-21.46,-17.83,3.63
97,Semiconductors,QCOM,20130101,20131231,1678.69,902.59,16.79,9.03,-7.76,-20.77,-20.71,0.06
98,Semiconductors,QCOM,20140101,20141231,370.76,278.2,3.71,2.78,-0.93,-15.38,-15.34,0.05
99,Semiconductors,QCOM,20150101,20151231,-3074.85,-2917.46,-30.75,-29.17,1.57,-34.48,-34.98,-0.5
100,Semiconductors,QCOM,20160101,20161231,4786.99,3102.65,47.87,31.03,-16.84,-41.57,-30.33,11.25
101,Semiconductors,QCOM,20170101,20171231,137.41,-183.9,1.37,-1.84,-3.21,-27.28,-27.21,0.07
102,Semiconductors,QCOM,20180101,20181231,-957.53,-592.7,-9.58,-5.93,3.65,-35.56,-35.54,0.02
103,Semiconductors,QCOM,20190101,20191231,6202.85,6661.39,62.03,66.61,4.59,-47.97,-43.41,4.55
104,Semiconductors,QCOM,20200101,20201231,7129.85,7067.88,71.3,70.68,-0.62,-62.13,-62.07,0.06
105,Semiconductors,QCOM,20210101,20211231,1939.84,1731.35,19.4,17.31,-2.08,-35.07,-34.93,0.14
106,Semiconductors,MU,20120101,20121231,-1746.17,0.0,-17.46,0.0,17.46,-42.67,0.0,42.67
107,Semiconductors,MU,20130101,20131231,19503.19,0.0,195.03,0.0,-195.03,-68.71,0.0,68.71
108,Semiconductors,MU,20140101,20141231,5032.95,356.56,50.33,3.57,-46.76,-41.03,-7.18,33.85
109,Semiconductors,MU,20150101,20151231,-5821.74,0.0,-58.22,0.0,58.22,-59.36,0.0,59.36
110,Semiconductors,MU,20160101,20161231,6704.51,0.0,67.05,0.0,-67.05,-58.93,0.0,58.93
111,Semiconductors,MU,20170101,20171231,8679.94,-551.73,86.8,-5.52,-92.32,-56.87,-21.13,35.74
112,Semiconductors,MU,20180101,20181231,-2928.81,-2116.93,-29.29,-21.17,8.12,-53.94,-41.94,12.0
113,Semiconductors,MU,20190101,20191231,5106.41,1720.06,51.06,17.2,-33.86,-41.71,-21.63,20.09
114,Semiconductors,MU,20200101,20201231,2405.58,180.5,24.06,1.8,-22.25,-53.82,-34.58,19.25
115,Semiconductors,MU,20210101,20211231,2279.66,2238.42,22.8,22.38,-0.41,-30.59,-29.22,1.38
116,Semiconductors,AMD,20120101,20121231,-5960.56,0.0,-59.61,0.0,59.61,-77.5,0.0,77.5
117,Semiconductors,AMD,20130101,20131231,4325.17,0.0,43.25,0.0,-43.25,-48.66,0.0,48.66
118,Semiconductors,AMD,20140101,20141231,-3716.24,0.0,-37.16,0.0,37.16,-47.64,0.0,47.64
119,Semiconductors,AMD,20150101,20151231,1287.0,0.0,12.87,0.0,-12.87,-49.53,0.0,49.53
120,Semiconductors,AMD,20160101,20161231,44136.58,0.0,441.37,0.0,-441.37,-85.26,0.0,85.26
121,Semiconductors,AMD,20170101,20171231,-852.7,0.0,-8.53,0.0,8.53,-38.25,0.0,38.25
122,Semiconductors,AMD,20180101,20181231,5111.81,-4570.13,51.12,-45.7,-96.82,-72.63,-54.65,17.98
123,Semiconductors,AMD,20190101,20191231,11553.05,8371.0,115.53,83.71,-31.82,-58.57,-50.14,8.43
124,Semiconductors,AMD,20200101,20201231,8799.65,8709.8,88.0,87.1,-0.9,-59.94,-59.9,0.04
125,Semiconductors,AMD,20210101,20211231,5521.33,6277.63,55.21,62.78,7.56,-55.19,-55.03,0.16
126,Cloud Computing,IBM,20120101,20121231,476.11,671.84,4.76,6.72,1.96,-16.06,-15.81,0.25
127,Cloud Computing,IBM,20130101,20131231,-178.7,-103.41,-1.79,-1.03,0.75,-18.74,-18.7,0.04
128,Cloud Computing,IBM,20140101,20141231,-1295.58,-1236.32,-12.96,-12.36,0.59,-22.07,-21.93,0.14
129,Cloud Computing,IBM,20150101,20151231,-938.09,-681.69,-9.38,-6.82,2.56,-22.89,-22.77,0.12
130,Cloud Computing,IBM,20160101,20161231,3096.01,2895.58,30.96,28.96,-2.0,-32.47,-31.4,1.07
131,Cloud Computing,IBM,20170101,20171231,-466.2,-436.18,-4.66,-4.36,0.3,-21.72,-21.47,0.25
132,Cloud Computing,IBM,20180101,20181231,-2748.87,-2916.62,-27.49,-29.17,-1.68,-33.6,-33.19,0.41
133,Cloud Computing,IBM,20190101,20191231,1466.73,1410.06,14.67,14.1,-0.57,-22.37,-22.0,0.38
134,Cloud Computing,IBM,20200101,20201231,-372.33,-482.06,-3.72,-4.82,-1.1,-39.05,-38.87,0.18
135,Cloud Computing,IBM,20210101,20211231,995.16,879.79,9.95,8.8,-1.15,-23.49,-23.45,0.04
136,Cloud Computing,AMZN,20120101,20121231,3435.82,3334.99,34.36,33.35,-1.01,-33.59,-33.19,0.41
137,Cloud Computing,AMZN,20130101,20131231,4672.21,4460.93,46.72,44.61,-2.11,-38.48,-37.82,0.66
138,Cloud Computing,AMZN,20140101,20141231,-2216.68,-2058.17,-22.17,-20.58,1.59,-30.29,-29.85,0.45
139,Cloud Computing,AMZN,20150101,20151231,12686.83,13588.33,126.87,135.88,9.02,-58.62,-57.98,0.64
140,Cloud Computing,AMZN,20160101,20161231,2458.94,3214.55,24.59,32.15,7.56,-43.48,-42.93,0.55
141,Cloud Computing,AMZN,20170101,20171231,4624.22,4469.34,46.24,44.69,-1.55,-34.13,-32.42,1.71
142,Cloud Computing,AMZN,20180101,20181231,1772.9,1385.33,17.73,13.85,-3.88,-38.91,-34.55,4.36
143,Cloud Computing,AMZN,20190101,20191231,1129.16,784.69,11.29,7.85,-3.44,-21.7,-18.78,2.92
144,Cloud Computing,AMZN,20200101,20201231,6820.78,6955.34,68.21,69.55,1.35,-53.72,-52.02,1.7
145,Cloud Computing,AMZN,20210101,20211231,688.61,811.7,6.89,8.12,1.23,-19.74,-18.62,1.12
146,Cloud Computing,GOOG,20140101,20141231,-661.04,-28.41,-6.61,-0.28,6.33,-16.67,-11.45,5.22
147,Cloud Computing,GOOG,20150101,20151231,5025.26,2073.7,50.25,20.74,-29.52,-36.31,-24.6,11.7
148,Cloud Computing,GOOG,20160101,20161231,855.16,1107.38,8.55,11.07,2.52,-18.22,-17.99,0.23
149,Cloud Computing,GOOG,20170101,20171231,2861.47,2886.09,28.61,28.86,0.25,-26.17,-25.53,0.64
150,Cloud Computing,GOOG,20180101,20181231,-530.95,-606.58,-5.31,-6.07,-0.76,-23.38,-21.31,2.07
151,Cloud Computing,GOOG,20190101,20191231,2231.27,2246.13,22.31,22.46,0.15,-23.5,-22.99,0.52
152,Cloud Computing,GOOG,20200101,20201231,2198.98,1723.54,21.99,17.24,-4.75,-42.09,-37.59,4.5
153,Cloud Computing,GOOG,20210101,20211231,5619.58,5788.77,56.2,57.89,1.69,-42.44,-38.81,3.64
154,Cloud Computing,CRM,20120101,20121231,5915.12,5825.54,59.15,58.26,-0.9,-39.99,-39.59,0.4
155,Cloud Computing,CRM,20130101,20131231,2958.82,2660.58,29.59,26.61,-2.98,-36.43,-36.33,0.09
156,Cloud Computing,CRM,20140101,20141231,411.51,-21.8,4.12,-0.22,-4.33,-25.45,-25.45,0.0
157,Cloud Computing,CRM,20150101,20151231,3326.47,4344.46,33.26,43.44,10.18,-32.82,-32.72,0.1
158,Cloud Computing,CRM,20160101,20161231,-596.28,-352.49,-5.96,-3.52,2.44,-36.04,-36.02,0.02
159,Cloud Computing,CRM,20170101,20171231,3812.69,3561.65,38.13,35.62,-2.51,-31.84,-30.46,1.39
160,Cloud Computing,CRM,20180101,20181231,2452.04,2383.76,24.52,23.84,-0.68,-34.41,-34.4,0.02
161,Cloud Computing,CRM,20190101,20191231,1025.21,858.63,10.25,8.59,-1.67,-15.46,-15.46,0.0
162,Cloud Computing,CRM,20200101,20201231,2383.73,2157.24,23.84,21.57,-2.26,-55.71,-55.16,0.56
163,Cloud Computing,CRM,20210101,20211231,1562.86,1794.57,15.63,17.95,2.32,-33.66,-33.46,0.21
164,Social Media,TWTR,20130101,20131231,4719.72,5269.33,47.2,52.69,5.5,-46.27,-34.57,11.69
165,Social Media,TWTR,20140101,20141231,-3954.52,-996.54,-39.55,-9.97,29.58,-53.84,-33.93,19.92
166,Social Media,TWTR,20150101,20151231,-4335.68,-1854.39,-43.36,-18.54,24.81,-58.25,-20.54,37.71
167,Social Media,TWTR,20160101,20161231,-1894.75,0.0,-18.95,0.0,18.95,-42.64,0.0,42.64
168,Social Media,TWTR,20170101,20171231,3848.21,0.0,38.48,0.0,-38.48,-43.79,0.0,43.79
169,Social Media,TWTR,20180101,20181231,1602.86,-3021.92,16.03,-30.22,-46.25,-52.1,-32.39,19.7
170,Social Media,TWTR,20190101,20191231,13.85,535.92,0.14,5.36,5.22,-36.4,-18.7,17.7
171,Social Media,TWTR,20200101,20201231,6166.58,2536.96,61.67,25.37,-36.3,-60.05,-29.16,30.89
172,Social Media,TWTR,20210101,20211231,-587.99,-229.18,-5.88,-2.29,3.59,-46.26,-41.79,4.47
173,Social Media,SNAP,20170101,20171231,-3586.6,206.99,-35.87,2.07,37.94,-50.81,-26.0,24.82
174,Social Media,SNAP,20180101,20181231,-5928.33,-498.44,-59.28,-4.98,54.3,-76.08,-9.61,66.48
175,Social Media,SNAP,20190101,20191231,15437.96,-18.98,154.38,-0.19,-154.57,-68.24,-24.33,43.91
176,Social Media,SNAP,20200101,20201231,18612.38,18618.17,186.12,186.18,0.06,-85.04,-68.5,16.54
177,Social Media,SNAP,20210101,20211231,-784.5,-691.74,-7.84,-6.92,0.93,-46.78,-46.68,0.1
178,Social Media,PINS,20190101,20191231,-3949.52,534.84,-39.5,5.35,44.84,-52.29,-36.3,15.99
179,Social Media,PINS,20200101,20201231,23458.38,17213.01,234.58,172.13,-62.45,-85.48,-67.11,18.37
180,Social Media,PINS,20210101,20211231,-4715.8,-4779.64,-47.16,-47.8,-0.64,-60.02,-59.91,0.11
181,Social Media,FB,20120101,20121231,-2035.08,3825.54,-20.35,38.26,58.61,-45.05,-38.2,6.84
182,Social Media,FB,20130101,20131231,8210.22,3016.43,82.1,30.16,-51.94,-60.58,-42.99,17.59
183,Social Media,FB,20140101,20141231,3544.61,3870.0,35.45,38.7,3.25,-34.12,-34.05,0.08
184,Social Media,FB,20150101,20151231,3525.63,4277.68,35.26,42.78,7.52,-31.95,-31.79,0.16
185,Social Media,FB,20160101,20161231,1900.88,2061.72,19.01,20.62,1.61,-30.46,-30.35,0.12
186,Social Media,FB,20170101,20171231,4249.41,3813.49,42.49,38.13,-4.36,-32.24,-30.39,1.84
187,Social Media,FB,20180101,20181231,-2825.91,-2469.48,-28.26,-24.69,3.56,-42.93,-42.45,0.49
188,Social Media,FB,20190101,20191231,4207.17,3679.67,42.07,36.8,-5.27,-31.95,-30.66,1.29
189,Social Media,FB,20200101,20201231,2445.81,2170.02,24.46,21.7,-2.76,-53.44,-52.64,0.81
190,Social Media,FB,20210101,20211231,3131.38,3267.49,31.31,32.67,1.36,-35.05,-32.29,2.76
191,Entertainment,DIS,20120101,20121231,2560.09,2890.07,25.6,28.9,3.3,-27.33,-27.29,0.04
192,Entertainment,DIS,20130101,20131231,5133.74,5179.44,51.34,51.79,0.46,-31.9,-31.29,0.6
193,Entertainment,DIS,20140101,20141231,2742.92,2924.18,27.43,29.24,1.81,-26.42,-26.29,0.14
194,Entertainment,DIS,20150101,20151231,1417.04,1422.51,14.17,14.23,0.05,-25.3,-25.28,0.01
195,Entertainment,DIS,20160101,20161231,582.72,1161.86,5.83,11.62,5.79,-18.91,-18.83,0.08
196,Entertainment,DIS,20170101,20171231,163.04,254.99,1.63,2.55,0.92,-16.11,-16.01,0.09
197,Entertainment,DIS,20180101,20181231,59.19,-37.17,0.59,-0.37,-0.96,-17.98,-17.9,0.08
198,Entertainment,DIS,20190101,20191231,2984.83,3017.25,29.85,30.17,0.32,-29.61,-29.42,0.19
199,Entertainment,DIS,20200101,20201231,2358.02,2451.91,23.58,24.52,0.94,-53.06,-52.51,0.55
200,Entertainment,DIS,20210101,20211231,-1230.26,-946.33,-12.3,-9.46,2.84,-28.65,-28.61,0.03
201,Entertainment,NFLX,20120101,20121231,-1047.29,-414.49,-10.47,-4.14,6.33,-58.09,-58.06,0.03
202,Entertainment,NFLX,20130101,20131231,27552.84,25872.92,275.53,258.73,-16.8,-75.1,-74.95,0.15
203,Entertainment,NFLX,20140101,20141231,37.66,445.92,0.38,4.46,4.08,-35.79,-35.79,0.0
204,Entertainment,NFLX,20150101,20151231,14321.97,14767.2,143.22,147.67,4.45,-64.92,-64.25,0.67
205,Entertainment,NFLX,20160101,20161231,1250.8,1824.35,12.51,18.24,5.74,-37.58,-37.32,0.26
206,Entertainment,NFLX,20170101,20171231,4649.25,4442.5,46.49,44.43,-2.07,-35.32,-34.03,1.29
207,Entertainment,NFLX,20180101,20181231,2253.37,1757.23,22.53,17.57,-4.96,-50.74,-47.58,3.16
208,Entertainment,NFLX,20190101,20191231,128.07,-900.96,1.28,-9.01,-10.29,-33.19,-32.94,0.26
209,Entertainment,NFLX,20200101,20201231,5317.41,5273.89,53.17,52.74,-0.44,-46.76,-46.66,0.09
210,Entertainment,NFLX,20210101,20211231,1936.41,2066.43,19.36,20.66,1.3,-30.71,-29.63,1.07
211,Entertainment,FB,20120101,20121231,-2035.08,3825.54,-20.35,38.26,58.61,-45.05,-38.2,6.84
212,Entertainment,FB,20130101,20131231,8210.22,3016.43,82.1,30.16,-51.94,-60.58,-42.99,17.59
213,Entertainment,FB,20140101,20141231,3544.61,3870.0,35.45,38.7,3.25,-34.12,-34.05,0.08
214,Entertainment,FB,20150101,20151231,3525.63,4277.68,35.26,42.78,7.52,-31.95,-31.79,0.16
215,Entertainment,FB,20160101,20161231,1900.88,2061.72,19.01,20.62,1.61,-30.46,-30.35,0.12
216,Entertainment,FB,20170101,20171231,4249.41,3813.49,42.49,38.13,-4.36,-32.24,-30.39,1.84
217,Entertainment,FB,20180101,20181231,-2825.91,-2469.48,-28.26,-24.69,3.56,-42.93,-42.45,0.49
218,Entertainment,FB,20190101,20191231,4207.17,3679.67,42.07,36.8,-5.27,-31.95,-30.66,1.29
219,Entertainment,FB,20200101,20201231,2445.81,2170.02,24.46,21.7,-2.76,-53.44,-52.64,0.81
220,Entertainment,FB,20210101,20211231,3131.38,3267.49,31.31,32.67,1.36,-35.05,-32.29,2.76
221,Retail,WMT,20120101,20121231,1616.82,1512.39,16.17,15.12,-1.04,-26.68,-28.81,-2.12
222,Retail,WMT,20130101,20131231,1725.95,1676.24,17.26,16.76,-0.5,-17.57,-16.85,0.71
223,Retail,WMT,20140101,20141231,1376.15,1522.39,13.76,15.22,1.46,-18.8,-18.74,0.06
224,Retail,WMT,20150101,20151231,-3023.86,-2760.82,-30.24,-27.61,2.63,-36.7,-34.74,1.96
225,Retail,WMT,20160101,20161231,1148.84,1416.01,11.49,14.16,2.67,-20.36,-20.31,0.05
226,Retail,WMT,20170101,20171231,4825.19,4996.51,48.25,49.97,1.71,-35.97,-35.88,0.08
227,Retail,WMT,20180101,20181231,-706.61,-625.49,-7.07,-6.25,0.81,-23.97,-23.97,0.0
228,Retail,WMT,20190101,20191231,2719.17,2696.28,27.19,26.96,-0.23,-25.83,-25.79,0.04
229,Retail,WMT,20200101,20201231,2609.84,2665.04,26.1,26.65,0.55,-32.38,-32.19,0.19
230,Retail,WMT,20210101,20211231,-40.13,52.44,-0.4,0.52,0.93,-17.53,-17.42,0.11
231,Retail,COST,20120101,20121231,3200.08,2871.02,32.0,28.71,-3.29,-26.42,-24.61,1.82
232,Retail,COST,20130101,20131231,1910.8,1940.33,19.11,19.4,0.3,-21.39,-21.21,0.18
233,Retail,COST,20140101,20141231,2462.52,2454.87,24.63,24.55,-0.08,-24.83,-24.7,0.13
234,Retail,COST,20150101,20151231,1689.57,2137.9,16.9,21.38,4.48,-21.25,-21.07,0.18
235,Retail,COST,20160101,20161231,678.04,709.88,6.78,7.1,0.32,-17.32,-17.22,0.1
236,Retail,COST,20170101,20171231,2161.65,1943.23,21.62,19.43,-2.18,-22.68,-22.59,0.09
237,Retail,COST,20180101,20181231,861.35,664.38,8.61,6.64,-1.97,-27.55,-27.43,0.13
238,Retail,COST,20190101,20191231,4201.54,4010.64,42.02,40.11,-1.91,-32.49,-32.03,0.46
239,Retail,COST,20200101,20201231,2910.3,2817.09,29.1,28.17,-0.93,-29.56,-29.15,0.41
240,Retail,COST,20210101,20211231,5322.98,5489.38,53.23,54.89,1.66,-45.22,-44.35,0.87
241,Retail,TGT,20120101,20121231,2255.97,2199.29,22.56,21.99,-0.57,-27.16,-26.44,0.72
242,Retail,TGT,20130101,20131231,543.27,487.91,5.43,4.88,-0.55,-19.06,-18.02,1.04
243,Retail,TGT,20140101,20141231,2373.44,2655.31,23.73,26.55,2.82,-28.71,-28.6,0.11
244,Retail,TGT,20150101,20151231,-255.09,-7.08,-2.55,-0.07,2.48,-16.17,-16.1,0.07
245,Retail,TGT,20160101,20161231,491.19,743.19,4.91,7.43,2.52,-19.97,-19.91,0.06
246,Retail,TGT,20170101,20171231,-479.93,-8.53,-4.8,-0.09,4.71,-28.51,-25.41,3.1
247,Retail,TGT,20180101,20181231,-293.26,-997.37,-2.93,-9.97,-7.04,-31.53,-31.42,0.11
248,Retail,TGT,20190101,20191231,9062.23,9432.29,90.62,94.32,3.7,-49.47,-49.4,0.06
249,Retail,TGT,20200101,20201231,4398.29,5145.68,43.98,51.46,7.47,-50.18,-49.95,0.23
250,Retail,TGT,20210101,20211231,2187.91,2117.68,21.88,21.18,-0.7,-35.91,-35.73,0.17
251,Retail,BBY,20120101,20121231,-5223.84,-1757.52,-52.24,-17.58,34.66,-56.49,-15.0,41.5
252,Retail,BBY,20130101,20131231,24427.98,2985.06,244.28,29.85,-214.43,-73.82,-33.86,39.96
253,Retail,BBY,20140101,20141231,733.73,5271.24,7.34,52.71,45.38,-44.96,-42.31,2.65
254,Retail,BBY,20150101,20151231,-1878.06,-808.33,-18.78,-8.08,10.7,-30.0,-29.93,0.07
255,Retail,BBY,20160101,20161231,5563.48,6727.82,55.63,67.28,11.64,-50.73,-50.02,0.71
256,Retail,BBY,20170101,20171231,6131.09,5880.03,61.31,58.8,-2.51,-39.93,-39.91,0.02
257,Retail,BBY,20180101,20181231,-2412.91,-2643.53,-24.13,-26.44,-2.31,-41.14,-40.93,0.21
258,Retail,BBY,20190101,20191231,5683.0,5811.47,56.83,58.11,1.28,-38.84,-38.43,0.41
259,Retail,BBY,20200101,20201231,1700.29,1689.34,17.0,16.89,-0.11,-59.66,-59.56,0.09
260,Retail,BBY,20210101,20211231,-299.69,-952.79,-3.0,-9.53,-6.53,-29.2,-28.95,0.25
261,Retail,HD,20120101,20121231,4181.09,2237.77,41.81,22.38,-19.43,-35.11,-25.55,9.56
262,Retail,HD,20130101,20131231,3168.89,3132.3,31.69,31.32,-0.37,-24.12,-23.73,0.39
263,Retail,HD,20140101,20141231,3043.51,3208.55,30.44,32.09,1.65,-29.7,-29.62,0.09
264,Retail,HD,20150101,20151231,2692.54,3424.45,26.93,34.24,7.32,-26.49,-26.4,0.09
265,Retail,HD,20160101,20161231,1085.22,1476.09,10.85,14.76,3.91,-21.0,-20.87,0.13
266,Retail,HD,20170101,20171231,4541.94,4346.7,45.42,43.47,-1.95,-31.41,-30.72,0.68
267,Retail,HD,20180101,20181231,-901.58,-1109.32,-9.02,-11.09,-2.08,-25.05,-24.69,0.36
268,Retail,HD,20190101,20191231,2503.06,2546.28,25.03,25.46,0.43,-28.5,-28.18,0.32
269,Retail,HD,20200101,20201231,2194.15,2002.5,21.94,20.02,-1.92,-48.95,-48.55,0.41
270,Retail,HD,20210101,20211231,5585.23,4921.73,55.85,49.22,-6.64,-40.74,-40.07,0.67
271,Franchise,MCD,20120101,20121231,-1002.76,-1060.72,-10.03,-10.61,-0.58,-15.4,-15.37,0.03
272,Franchise,MCD,20130101,20131231,1017.84,975.41,10.18,9.75,-0.42,-12.67,-12.29,0.38
273,Franchise,MCD,20140101,20141231,71.71,160.33,0.72,1.6,0.89,-12.88,-12.86,0.02
274,Franchise,MCD,20150101,20151231,3056.54,3470.6,30.57,34.71,4.14,-27.78,-27.63,0.14
275,Franchise,MCD,20160101,20161231,938.45,845.02,9.38,8.45,-0.93,-13.92,-13.88,0.04
276,Franchise,MCD,20170101,20171231,4711.94,4418.38,47.12,44.18,-2.94,-32.93,-32.16,0.77
277,Franchise,MCD,20180101,20181231,345.32,338.39,3.45,3.38,-0.07,-23.23,-23.08,0.15
278,Franchise,MCD,20190101,20191231,1142.03,1120.19,11.42,11.2,-0.22,-22.49,-22.29,0.19
279,Franchise,MCD,20200101,20201231,453.59,299.52,4.54,3.0,-1.54,-42.05,-41.94,0.11
280,Franchise,MCD,20210101,20211231,2693.36,2956.68,26.93,29.57,2.63,-25.46,-25.14,0.32
281,Franchise,YUM,20120101,20121231,964.92,604.68,9.65,6.05,-3.6,-20.28,-17.54,2.74
282,Franchise,YUM,20130101,20131231,1689.46,1536.82,16.89,15.37,-1.53,-24.42,-24.4,0.02
283,Franchise,YUM,20140101,20141231,-1.32,173.73,-0.01,1.74,1.75,-21.37,-21.29,0.08
284,Franchise,YUM,20150101,20151231,206.78,487.84,2.07,4.88,2.81,-29.0,-28.98,0.02
285,Franchise,YUM,20160101,20161231,3272.01,3394.04,32.72,33.94,1.22,-29.0,-28.94,0.06
286,Franchise,YUM,20170101,20171231,2969.62,2972.48,29.7,29.72,0.03,-25.59,-25.54,0.04
287,Franchise,YUM,20180101,20181231,1227.94,1198.1,12.28,11.98,-0.3,-18.53,-18.46,0.08
288,Franchise,YUM,20190101,20191231,1157.39,1327.64,11.57,13.28,1.7,-26.29,-26.11,0.17
289,Franchise,YUM,20200101,20201231,792.35,909.13,7.92,9.09,1.17,-48.55,-48.55,0.0
290,Franchise,YUM,20210101,20211231,3165.16,3149.95,31.65,31.5,-0.15,-27.61,-27.61,0.0
291,Franchise,SBUX,20120101,20121231,1300.37,1104.56,13.0,11.05,-1.96,-29.38,-29.38,0.0
292,Franchise,SBUX,20130101,20131231,4204.27,4677.89,42.04,46.78,4.74,-36.0,-35.96,0.03
293,Franchise,SBUX,20140101,20141231,684.73,1000.95,6.85,10.01,3.16,-18.03,-18.0,0.03
294,Franchise,SBUX,20150101,20151231,5145.34,5491.91,51.45,54.92,3.47,-38.37,-38.36,0.0
295,Franchise,SBUX,20160101,20161231,16.08,-267.61,0.16,-2.68,-2.84,-15.79,-15.75,0.03
296,Franchise,SBUX,20170101,20171231,96.84,78.94,0.97,0.79,-0.18,-18.02,-17.96,0.06
297,Franchise,SBUX,20180101,20181231,1013.41,690.99,10.13,6.91,-3.22,-30.29,-30.27,0.01
298,Franchise,SBUX,20190101,20191231,3969.23,3859.48,39.69,38.59,-1.1,-37.36,-35.91,1.45
299,Franchise,SBUX,20200101,20201231,1971.99,1749.11,19.72,17.49,-2.23,-47.63,-47.52,0.11
300,Franchise,SBUX,20210101,20211231,1180.35,1428.54,11.8,14.29,2.48,-23.7,-23.63,0.07
301,Franchise,DPZ,20120101,20121231,3522.91,4169.23,35.23,41.69,6.46,-33.61,-33.61,0.0
302,Franchise,DPZ,20130101,20131231,5535.9,5827.23,55.36,58.27,2.91,-37.56,-37.56,0.01
303,Franchise,DPZ,20140101,20141231,3744.93,3555.17,37.45,35.55,-1.9,-30.81,-30.71,0.09
304,Franchise,DPZ,20150101,20151231,1147.45,1644.91,11.47,16.45,4.97,-19.54,-19.53,0.01
305,Franchise,DPZ,20160101,20161231,5033.18,5672.83,50.33,56.73,6.4,-40.36,-40.31,0.05
306,Franchise,DPZ,20170101,20171231,1621.71,1622.34,16.22,16.22,0.01,-25.18,-25.02,0.16
307,Franchise,DPZ,20180101,20181231,2395.08,2119.7,23.95,21.2,-2.75,-34.42,-33.55,0.87
308,Franchise,DPZ,20190101,20191231,2184.53,1901.16,21.85,19.01,-2.83,-25.32,-25.04,0.28
309,Franchise,DPZ,20200101,20201231,3180.93,3376.74,31.81,33.77,1.96,-37.53,-37.36,0.16
310,Franchise,DPZ,20210101,20211231,4270.44,4739.88,42.7,47.4,4.69,-41.96,-41.17,0.78
311,Real Estate,HST,20120101,20121231,200.56,-1106.2,2.01,-11.06,-13.07,-19.09,-13.45,5.64
312,Real Estate,HST,20130101,20131231,1777.8,465.83,17.78,4.66,-13.12,-19.12,-18.59,0.53
313,Real Estate,HST,20140101,20141231,2952.17,2928.96,29.52,29.29,-0.23,-27.99,-27.98,0.01
314,Real Estate,HST,20150101,20151231,-3147.7,-2748.58,-31.48,-27.49,3.99,-34.6,-33.57,1.03
315,Real Estate,HST,20160101,20161231,3636.21,2273.99,36.36,22.74,-13.62,-36.85,-24.02,12.83
316,Real Estate,HST,20170101,20171231,1392.4,1456.54,13.92,14.57,0.64,-17.06,-17.06,0.0
317,Real Estate,HST,20180101,20181231,-1514.73,-1529.83,-15.15,-15.3,-0.15,-26.86,-26.86,0.0
318,Real Estate,HST,20190101,20191231,1130.83,1136.93,11.31,11.37,0.06,-20.99,-20.96,0.03
319,Real Estate,HST,20200101,20201231,-1550.57,-4322.27,-15.51,-43.22,-27.72,-48.83,-53.87,-5.05
320,Real Estate,HST,20210101,20211231,2048.69,1814.13,20.49,18.14,-2.35,-27.85,-27.83,0.01
321,Real Estate,EQR,20120101,20121231,340.75,331.1,3.41,3.31,-0.1,-18.23,-17.39,0.84
322,Real Estate,EQR,20130101,20131231,-724.16,-819.79,-7.24,-8.2,-0.96,-16.45,-16.41,0.04
323,Real Estate,EQR,20140101,20141231,4043.72,3979.09,40.44,39.79,-0.65,-30.47,-30.43,0.04
324,Real Estate,EQR,20150101,20151231,999.39,693.24,9.99,6.93,-3.06,-17.06,-17.05,0.01
325,Real Estate,EQR,20160101,20161231,-282.27,-223.2,-2.82,-2.23,0.59,-16.71,-16.65,0.06
326,Real Estate,EQR,20170101,20171231,288.25,365.64,2.88,3.66,0.77,-16.66,-16.66,0.0
327,Real Estate,EQR,20180101,20181231,791.82,1142.01,7.92,11.42,3.5,-25.2,-25.11,0.08
328,Real Estate,EQR,20190101,20191231,2416.35,2076.25,24.16,20.76,-3.4,-26.99,-24.86,2.13
329,Real Estate,EQR,20200101,20201231,-2347.77,-2552.01,-23.48,-25.52,-2.04,-45.23,-45.03,0.2
330,Real Estate,EQR,20210101,20211231,5946.44,4965.77,59.46,49.66,-9.81,-36.99,-34.48,2.51
331,Real Estate,AVB,20120101,20121231,745.76,701.23,7.46,7.01,-0.45,-18.69,-17.01,1.68
332,Real Estate,AVB,20130101,20131231,-1005.64,-1105.04,-10.06,-11.05,-0.99,-17.13,-17.03,0.1
333,Real Estate,AVB,20140101,20141231,4377.25,3929.06,43.77,39.29,-4.48,-34.39,-34.3,0.09
334,Real Estate,AVB,20150101,20151231,1007.38,716.76,10.07,7.17,-2.91,-15.33,-15.15,0.17
335,Real Estate,AVB,20160101,20161231,49.41,199.25,0.49,1.99,1.5,-15.86,-15.83,0.03
336,Real Estate,AVB,20170101,20171231,451.96,447.27,4.52,4.47,-0.05,-14.4,-14.36,0.04
337,Real Estate,AVB,20180101,20181231,278.15,525.69,2.78,5.26,2.48,-22.03,-21.85,0.19
338,Real Estate,AVB,20190101,20191231,2201.94,1853.74,22.02,18.54,-3.48,-23.2,-20.75,2.46
339,Real Estate,AVB,20200101,20201231,-1947.15,-2182.41,-19.47,-21.82,-2.35,-45.05,-44.33,0.72
340,Real Estate,AVB,20210101,20211231,6326.7,5627.15,63.27,56.27,-7.0,-38.58,-36.27,2.31
341,Real Estate,PLD,20120101,20121231,2636.56,0.0,26.37,0.0,-26.37,-24.05,0.0,24.05
342,Real Estate,PLD,20130101,20131231,85.06,296.02,0.85,2.96,2.11,-21.66,-7.86,13.8
343,Real Estate,PLD,20140101,20141231,1997.8,672.44,19.98,6.72,-13.25,-19.04,-6.67,12.37
344,Real Estate,PLD,20150101,20151231,73.13,-812.49,0.73,-8.12,-8.86,-21.91,-18.23,3.68
345,Real Estate,PLD,20160101,20161231,3121.31,3825.92,31.21,38.26,7.05,-35.75,-35.97,-0.22
346,Real Estate,PLD,20170101,20171231,2492.6,2719.57,24.93,27.2,2.27,-29.65,-29.63,0.02
347,Real Estate,PLD,20180101,20181231,-496.74,-335.36,-4.97,-3.35,1.61,-17.37,-17.35,0.01
348,Real Estate,PLD,20190101,20191231,4976.33,4448.19,49.76,44.48,-5.28,-35.76,-33.35,2.42
349,Real Estate,PLD,20200101,20201231,1326.38,930.56,13.26,9.31,-3.96,-44.19,-43.98,0.21
350,Real Estate,PLD,20210101,20211231,7798.97,7405.22,77.99,74.05,-3.94,-43.11,-42.19,0.93
351,Real Estate,SPG,20120101,20121231,2499.71,2488.85,25.0,24.89,-0.11,-24.44,-23.02,1.42
352,Real Estate,SPG,20130101,20131231,-105.24,-105.24,-1.05,-1.05,0.0,-19.37,-19.24,0.13
353,Real Estate,SPG,20140101,20141231,2430.68,2234.56,24.31,22.35,-1.96,-21.89,-21.74,0.15
354,Real Estate,SPG,20150101,20151231,330.87,52.31,3.31,0.52,-2.79,-17.45,-17.32,0.13
355,Real Estate,SPG,20160101,20161231,-248.35,-182.8,-2.48,-1.83,0.66,-22.24,-22.09,0.15
356,Real Estate,SPG,20170101,20171231,-333.96,-328.36,-3.34,-3.28,0.06,-17.08,-16.94,0.13
357,Real Estate,SPG,20180101,20181231,433.07,637.03,4.33,6.37,2.04,-25.36,-25.25,0.12
358,Real Estate,SPG,20190101,20191231,-1073.91,-946.11,-10.74,-9.46,1.28,-19.69,-19.53,0.16
359,Real Estate,SPG,20200101,20201231,-3813.41,-3882.15,-38.13,-38.82,-0.69,-69.93,-69.12,0.82
360,Real Estate,SPG,20210101,20211231,9481.53,7902.77,94.82,79.03,-15.79,-52.47,-47.53,4.94
361,Telecommunication,T,20120101,20121231,1537.62,1339.41,15.38,13.39,-1.98,-26.61,-26.58,0.03
362,Telecommunication,T,20130101,20131231,602.08,857.01,6.02,8.57,2.55,-16.43,-16.42,0.01
363,Telecommunication,T,20140101,20141231,313.29,419.85,3.13,4.2,1.07,-17.23,-17.21,0.02
364,Telecommunication,T,20150101,20151231,710.51,867.42,7.11,8.67,1.57,-11.65,-11.64,0.01
365,Telecommunication,T,20160101,20161231,3111.41,2943.51,31.11,29.44,-1.68,-24.26,-23.51,0.75
366,Telecommunication,T,20170101,20171231,7.11,-112.23,0.07,-1.12,-1.19,-20.02,-19.99,0.03
367,Telecommunication,T,20180101,20181231,-2063.26,-1877.65,-20.63,-18.78,1.86,-26.34,-26.29,0.06
368,Telecommunication,T,20190101,20191231,3198.65,3345.81,31.99,33.46,1.47,-28.55,-28.49,0.05
369,Telecommunication,T,20200101,20201231,-2290.4,-2107.76,-22.9,-21.08,1.83,-29.7,-29.69,0.01
370,Telecommunication,T,20210101,20211231,-921.66,-1088.74,-9.22,-10.89,-1.67,-30.98,-30.93,0.05
371,Telecommunication,TMUS,20120101,20121231,1718.35,0.0,17.18,0.0,-17.18,-57.16,0.0,57.16
372,Telecommunication,TMUS,20130101,20131231,16395.08,2182.4,163.95,21.82,-142.13,-62.4,-25.75,36.64
373,Telecommunication,TMUS,20140101,20141231,-1912.19,-1731.3,-19.12,-17.31,1.81,-30.19,-27.78,2.41
374,Telecommunication,TMUS,20150101,20151231,3541.55,201.4,35.42,2.01,-33.4,-32.21,-19.76,12.45
375,Telecommunication,TMUS,20160101,20161231,4470.01,4823.65,44.7,48.24,3.54,-42.39,-35.11,7.27
376,Telecommunication,TMUS,20170101,20171231,1495.03,1129.9,14.95,11.3,-3.65,-19.25,-19.19,0.07
377,Telecommunication,TMUS,20180101,20181231,-409.66,-17.54,-4.1,-0.18,3.92,-20.99,-20.91,0.08
378,Telecommunication,TMUS,20190101,20191231,1342.07,1538.64,13.42,15.39,1.97,-21.16,-21.16,0.01
379,Telecommunication,TMUS,20200101,20201231,6667.51,6552.14,66.68,65.52,-1.15,-44.42,-44.31,0.11
380,Telecommunication,TMUS,20210101,20211231,-1298.48,-942.04,-12.98,-9.42,3.56,-28.25,-28.04,0.21
381,Telecommunication,VZ,20120101,20121231,1399.26,-341.36,13.99,-3.41,-17.41,-23.76,-11.17,12.59
382,Telecommunication,VZ,20130101,20131231,1925.73,168.84,19.26,1.69,-17.57,-23.33,-14.45,8.88
383,Telecommunication,VZ,20140101,20141231,41.95,89.15,0.42,0.89,0.47,-15.85,-15.0,0.85
384,Telecommunication,VZ,20150101,20151231,203.62,224.14,2.04,2.24,0.21,-15.09,-15.05,0.04
385,Telecommunication,VZ,20160101,20161231,2244.87,2350.28,22.45,23.5,1.05,-23.25,-22.66,0.59
386,Telecommunication,VZ,20170101,20171231,503.08,535.26,5.03,5.35,0.32,-20.37,-20.31,0.07
387,Telecommunication,VZ,20180101,20181231,1026.65,1090.75,10.27,10.91,0.64,-25.98,-25.92,0.06
388,Telecommunication,VZ,20190101,20191231,935.89,888.2,9.36,8.88,-0.48,-16.97,-16.9,0.07
389,Telecommunication,VZ,20200101,20201231,178.47,95.08,1.78,0.95,-0.83,-22.36,-22.34,0.02
390,Telecommunication,VZ,20210101,20211231,-654.82,-604.83,-6.55,-6.05,0.5,-14.72,-14.69,0.03
391,Telecommunication,CMCSA,20120101,20121231,4524.55,2398.55,45.25,23.99,-21.26,-34.39,-26.47,7.92
392,Telecommunication,CMCSA,20130101,20131231,3796.77,3509.85,37.97,35.1,-2.87,-26.02,-25.73,0.29
393,Telecommunication,CMCSA,20140101,20141231,1255.38,1009.58,12.55,10.1,-2.46,-16.27,-16.25,0.02
394,Telecommunication,CMCSA,20150101,20151231,111.65,256.4,1.12,2.56,1.45,-18.8,-18.78,0.01
395,Telecommunication,CMCSA,20160101,20161231,2952.97,2964.9,29.53,29.65,0.12,-25.88,-25.43,0.45
396,Telecommunication,CMCSA,20170101,20171231,1493.1,1168.34,14.93,11.68,-3.25,-16.54,-16.03,0.51
397,Telecommunication,CMCSA,20180101,20181231,-1351.07,-1662.07,-13.51,-16.62,-3.11,-28.7,-28.65,0.05
398,Telecommunication,CMCSA,20190101,20191231,2755.03,2707.55,27.55,27.08,-0.47,-26.16,-26.14,0.02
399,Telecommunication,CMCSA,20200101,20201231,1505.19,1246.68,15.05,12.47,-2.59,-39.14,-39.09,0.05
400,Telecommunication,CMCSA,20210101,20211231,-56.2,568.73,-0.56,5.69,6.25,-24.31,-24.28,0.03
401,Telecommunication,CHTR,20120101,20121231,2946.46,2967.32,29.46,29.67,0.21,-31.99,-31.58,0.41
402,Telecommunication,CHTR,20130101,20131231,7250.71,7088.91,72.51,70.89,-1.62,-46.19,-46.03,0.15
403,Telecommunication,CHTR,20140101,20141231,2285.22,2289.85,22.85,22.9,0.05,-30.76,-30.63,0.12
404,Telecommunication,CHTR,20150101,20151231,1235.84,1440.4,12.36,14.4,2.05,-23.02,-22.89,0.13
405,Telecommunication,CHTR,20160101,20161231,5024.68,5802.72,50.25,58.03,7.78,-39.95,-39.88,0.07
406,Telecommunication,CHTR,20170101,20171231,1264.95,922.78,12.65,9.23,-3.42,-27.23,-24.65,2.58
407,Telecommunication,CHTR,20180101,20181231,-1963.03,-1945.06,-19.63,-19.45,0.18,-33.17,-32.22,0.95
408,Telecommunication,CHTR,20190101,20191231,5947.23,6424.76,59.47,64.25,4.78,-42.35,-42.28,0.07
409,Telecommunication,CHTR,20200101,20201231,2882.1,2777.54,28.82,27.78,-1.05,-45.16,-43.92,1.24
410,Telecommunication,CHTR,20210101,20211231,278.12,410.04,2.78,4.1,1.32,-28.26,-27.01,1.25
411,Energy & Resources,DOW,20190101,20191231,75.07,449.73,0.75,4.5,3.75,-29.18,-18.58,10.6
412,Energy & Resources,DOW,20200101,20201231,1180.35,1353.92,11.8,13.54,1.74,-61.1,-18.06,43.03
413,Energy & Resources,DOW,20210101,20211231,290.0,279.75,2.9,2.8,-0.1,-27.76,-27.75,0.0
414,Energy & Resources,DD,20120101,20121231,641.0,-488.99,6.41,-4.89,-11.3,-19.63,-21.07,-1.44
415,Energy & Resources,DD,20130101,20131231,3861.14,3142.87,38.61,31.43,-7.18,-34.23,-29.41,4.82
416,Energy & Resources,DD,20140101,20141231,949.82,1068.65,9.5,10.69,1.19,-24.41,-22.78,1.63
417,Energy & Resources,DD,20150101,20151231,1925.58,2347.86,19.26,23.48,4.22,-30.18,-30.07,0.11
418,Energy & Resources,DD,20160101,20161231,2842.09,3699.1,28.42,36.99,8.57,-31.84,-31.83,0.02
419,Energy & Resources,DD,20170101,20171231,2771.04,2800.16,27.71,28.0,0.29,-23.63,-23.55,0.07
420,Energy & Resources,DD,20180101,20181231,-2752.26,-2832.96,-27.52,-28.33,-0.81,-34.33,-34.1,0.24
421,Energy & Resources,DD,20190101,20191231,-1999.57,-1885.18,-20.0,-18.85,1.14,-23.92,-23.85,0.07
422,Energy & Resources,DD,20200101,20201231,1690.43,1723.35,16.9,17.23,0.33,-58.09,-57.93,0.16
423,Energy & Resources,DD,20210101,20211231,129.38,-238.24,1.29,-2.38,-3.68,-21.72,-21.62,0.1
424,Luxury goods,RACE,20150101,20151231,-1065.31,-1033.42,-10.65,-10.33,0.32,-16.08,-13.64,2.44
425,Luxury goods,RACE,20160101,20161231,3665.67,1755.02,36.66,17.55,-19.11,-45.52,-24.37,21.15
426,Luxury goods,RACE,20170101,20171231,8097.0,7788.69,80.97,77.89,-3.08,-51.72,-50.9,0.82
427,Luxury goods,RACE,20180101,20181231,-1281.96,-1560.55,-12.82,-15.61,-2.79,-36.01,-35.89,0.11
428,Luxury goods,RACE,20190101,20191231,4768.65,4844.4,47.69,48.44,0.76,-36.55,-36.41,0.15
429,Luxury goods,RACE,20200101,20201231,3494.9,3330.63,34.95,33.31,-1.64,-45.06,-44.72,0.34
430,Luxury goods,RACE,20210101,20211231,1927.06,2157.99,19.27,21.58,2.31,-31.95,-31.71,0.23
431,Luxury goods,EL,20120101,20121231,399.97,143.03,4.0,1.43,-2.57,-23.26,-23.23,0.03
432,Luxury goods,EL,20130101,20131231,2120.93,1868.43,21.21,18.68,-2.52,-19.57,-19.57,0.0
433,Luxury goods,EL,20140101,20141231,630.53,767.37,6.31,7.67,1.37,-15.67,-15.63,0.04
434,Luxury goods,EL,20150101,20151231,1885.18,2223.38,18.85,22.23,3.38,-23.11,-23.09,0.03
435,Luxury goods,EL,20160101,20161231,-594.75,-599.58,-5.95,-6.0,-0.05,-20.54,-20.42,0.12
436,Luxury goods,EL,20170101,20171231,6516.38,6172.46,65.16,61.72,-3.44,-41.81,-39.93,1.87
437,Luxury goods,EL,20180101,20181231,-15.86,139.02,-0.16,1.39,1.55,-21.68,-21.64,0.04
438,Luxury goods,EL,20190101,20191231,5844.25,6499.35,58.44,64.99,6.55,-41.65,-40.21,1.44
439,Luxury goods,EL,20200101,20201231,2626.9,2089.89,26.27,20.9,-5.37,-46.6,-46.21,0.39
440,Luxury goods,EL,20210101,20211231,4194.89,4800.26,41.95,48.0,6.05,-36.16,-35.86,0.3
441,Luxury goods,PVH,20120101,20121231,4568.98,4445.84,45.69,44.46,-1.23,-37.58,-36.83,0.75
442,Luxury goods,PVH,20130101,20131231,1373.72,1316.38,13.74,13.16,-0.57,-23.28,-23.04,0.24
443,Luxury goods,PVH,20140101,20141231,-373.19,143.8,-3.73,1.44,5.17,-19.12,-19.1,0.01
444,Luxury goods,PVH,20150101,20151231,-3823.42,-3349.94,-38.23,-33.5,4.73,-38.81,-38.58,0.22
445,Luxury goods,PVH,20160101,20161231,2874.37,3223.82,28.74,32.24,3.49,-42.83,-42.69,0.14
446,Luxury goods,PVH,20170101,20171231,4848.97,4572.31,48.49,45.72,-2.77,-38.19,-38.09,0.1
447,Luxury goods,PVH,20180101,20181231,-3442.37,-3438.16,-34.42,-34.38,0.04,-48.38,-47.94,0.44
448,Luxury goods,PVH,20190101,20191231,123.07,-32.84,1.23,-0.33,-1.56,-47.66,-47.66,0.01
449,Luxury goods,PVH,20200101,20201231,-1104.02,-485.37,-11.04,-4.85,6.19,-71.02,-68.83,2.19
450,Luxury goods,PVH,20210101,20211231,365.45,500.92,3.65,5.01,1.35,-33.19,-33.04,0.14
